アーニャ,アーニャ, 島村卯月 三村かな子 高森藍子 ,(特に思い当たらず), 姫川友紀,SMAP 中居,PCS,LIPPSのメンバー
アナスタシア,アイドルをそのようには見たくない,①城ヶ崎美嘉 ②乙倉悠貴 ③八神マキノ ④渋谷凛 ⑤三船美優,LMBGの子達、白坂小梅、松永涼、椎名法子、関裕美、桐生つかさ、黒川千秋、木場真奈美,　和久井留美,アーニャ,U-149組,LiPPS最高だな！
アナスタシア,アイドルを性的な目で見るのはよくない,LiPPS,アーニャ,アナスタシア,アナスタシア,U15アイドル,Lips系
アナスタシア,アイドルを性的に見た事がない,あさくらもも,アナスタシア,アナスタシア,アナスタシア,アーニャ、鷺沢文香,SMAP 中居
アナスタシア,あずき,ウサミン,アナスタシア,アナスタシア,いない,アイドル全員。人それぞれ。,アイドルの前では誰もがチェリーボーイみたいなもんではないですかね
アナスタシア,アナスタシア,おおつき,アナスタシア,アナスタシア,いません,ありす、かおる、みりあ,アイドル全員。人それぞれ。
アナスタシア,アナスタシア,おら…童貞だしよくわからねぇだ,アナスタシア,アナスタシア,うさみん,ウサミン,アナスタシア
アナスタシア,いない,キュート属性、クール属性,アナスタシア,アナスタシア,うっさいぼけ,うずりん,アナスタシア
アナスタシア,いない,クールキャラ全般,アナスタシア,アナスタシア,くるみちゃん,うづき,アナスタシア
アナスタシア,こっひ,しぶりん,アナスタシア,アナスタシア,しきにゃん,うるさいボケ,アナスタシア
アナスタシア,しぶりん(迫真),ちゃんみお,あまみやそら,アナスタシア,しまむー,さえはん,アナスタシア
アナスタシア,セクシーギルティの28歳の人,とときん,ウサミン,アナスタシア,シンデレラプロジェクト担当P,さぎさわふみか,うるさいボケ
アナスタシア,そういう目で見ません,なし,ウサミン,アナスタシア,たかはし智秋,しきにゃん、楓さん,しきにゃん
アナスタシア,そら蘭子よ,なし,キュートキャラ全般,アナスタシア,ちゃんみお,しぶりん、美嘉,しきにゃん
アナスタシア,ちなったん(相川千夏),ふみふみ,きらり,アナスタシア,ちゃんみおorみく,しまむー、ゆっき,しきにゃん
アナスタシア,ちゃんみお,ふみふみ,しぶや,アナスタシア,ととき,しまむー、ゆっき,しきにゃん、響子
アナスタシア,とくになし,ゆきみちゃん,しぶりん,アナスタシア,とときあいり,しらん,しのさん
イヴ・サンタクロース,とときあいり,リップスのメンバー,しゅがは,イヴ,とときん,シンデレラプロジェクト担当P,しまむー、しぶりん、ちゃんみお
イヴ・サンタクロース,とときん,わからない,ジュリア,イヴ・サンタクロース,なし,ちえり,しゅがは
イヴ・サンタクロース,ナターリア,わからない,しらん,イヴ・サンタクロース,ナターリア,ちえり,ジュニー()
おおつきゆい,ナターリア,わからない,とくになし,かな子,ナターリア,ちゃま,しらん
クラリス,ナターリア,わからない,とても偏見ではありますが大人組かと…,きらり,ナターリア,どうだろう。渋谷凛や鷺沢文香辺りだろうか？,シンデレラプロジェクト担当P
クラリス,ノーコメント,わからない,なし,きらり,ふみふみ,とときん,そんなものはない
クラリス,ヘレン,わからない,なし,クラリス,ふみふみ,トラプリの3人,とときん
ジュリア,ヘレン,わかりません,ノアさん,クラリス,フレちゃん,ナターリア,なつきち
ナターリア,みなみ,安部菜々,パッションのアイドル,ケイト,みくにゃん,ピンクチェックスクール,ふみふみ
ナターリア,ユッキ,安部菜々,パッション属性,しぶりん,ミナミィ,ピンクチェックスクール,フレちゃん
ふじもとりな,ルーキートレーナー,杏奈,ふみふみ,ジュリア,みんな違ってみんなクソエロ,フミカ,フレちゃん
フレデリカ,わからない,依田芳乃,フレデリカ,シンデレラプロジェクト担当P,よしのん,ふみか,フレデリカ
マキノ,ンミナミィ……,依田芳乃,フレデリカ,デレ限定なら諸星きらり アイマス全体なら秋月律子,よしのん,ふみか,フレデリカ
みちる,安倍菜々,一ノ瀬志希,ヘレン,ナターリア,リュ・ヘナ(),ふみか,フレデリカ
ライラ,安部菜々,一ノ瀬志希,ヘレン,なたーりあ,ンミナミィ,ふみふみ,ヘレン
ライラ,安部菜々,一ノ瀬志希,ヘレン,ナターリア,ンミナミィ,ふみふみ,ヘレンさん
ライラ,安部菜々,一ノ瀬志希,ヘレン,ナターリア ,安部菜々,ふみふみ,みずきせいら
ライラ,安部菜々,一ノ瀬志希,ヘレン 及川雫 市原仁奈 三船美優 柊志乃,ふみふみ,依田芳乃,ふみふみ,ミナミィ
ライラ,安部菜々,一ノ瀬志希,ゆかり,ヘレン,依田芳乃,まず年少組。他には緒方智絵里や小日向美穂のようなおぼこそうな子たち。,ユッキ
ライラ,安部菜々,一ノ瀬志希,よくわからねぇだ,メアリーコクラン,依田芳乃,まゆ,りーな
ライラさん,安部菜々,一ノ瀬志希,ルーキートレーナー,メアリーコクラン,一ノ瀬志希,まゆ,ルーキートレーナー
ルキトレ,安部菜々,一ノ瀬志希,わからない,ライラ,一ノ瀬志希,まゆ,わからない
綾瀬穂乃香,安部菜々,一ノ瀬志希,わからない,ライラ,一ノ瀬志希,まゆ,わからない
安斎都,伊吹翼,卯月,わからない,愛野渚,一ノ瀬志希,みかねぇ,わからない
安部菜々,伊吹翼,卯月,わからない,綾瀬穂乃香,一ノ瀬志希,みかねぇ,わからない
安部菜々,依田芳乃,卯月、美嘉、智絵里、アーニャ、楓,わからない,綾瀬穂乃香,一ノ瀬志希,みくにゃん,わからない
安部菜々,依田芳乃,塩見周子,わからない,安倍菜々,一ノ瀬志希,みりあちゃん,わからない
安部菜々,一ノ瀬志希,塩見周子,わからない,安部菜々,一ノ瀬志希,リュ・ヘナ(),わからない
安部菜々,一ノ瀬志希,塩見周子,わからない,安部菜々,一ノ瀬志希,ロリ系,わからない
安部菜々,一ノ瀬志希,塩見周子、佐藤心,わからない,安部菜々,一ノ瀬志希,わからない,わからない
安部菜々,一ノ瀬志希,乙倉悠貴,わからない,安部菜々,一ノ瀬志希,わからない,わからない
安部菜々,一ノ瀬志希,乙倉悠貴,わからない,安部菜々,一ノ瀬志希,わからない,わからん
安部菜々,一ノ瀬志希,関裕美,わからない,安部菜々,一ノ瀬志希,ンミナミィ,わかりません
安部菜々,一ノ瀬志希,喜多見柚,わからない,安部菜々,一ノ瀬志希,安部菜々,安部菜々
安部菜々,一ノ瀬志希,橘ありす,わからない,安部菜々,一ノ瀬志希,安部菜々,安部菜々
安部菜々,一ノ瀬志希,橘ありす,わからない,安部菜々,一ノ瀬志希,安部菜々,安部菜々
安部菜々,一ノ瀬志希,橘ありす,わからない,安部菜々,一ノ瀬志希,安部菜々,安部菜々
安部菜々,一ノ瀬志希,橘ありす,わからりません,安部菜々,一ノ瀬志希,安部菜々,安部菜々
安部菜々,一ノ瀬志希,橘ありす,わからん,安部菜々,一ノ瀬志希,一ノ瀬志希,安部菜々
安部菜々,一ノ瀬志希,橘ありす,わかりません,安部菜々,一ノ瀬志希,一ノ瀬志希,安部菜々
安部菜々,一ノ瀬志希,橘ありす,わかんねえ,安部菜々,一ノ瀬志希,一ノ瀬志希,安部菜々
安部菜々,一ノ瀬志希,橘ありす,愛梨,安部菜々,一ノ瀬志希,一ノ瀬志希,安部菜々
安部菜々,一ノ瀬志希,橘ありす,安倍菜々,安部菜々,一ノ瀬志希,一ノ瀬志希,安部菜々
依田芳乃,一ノ瀬志希,橘ありす,安倍菜々,安部菜々,一ノ瀬志希,一ノ瀬志希、速水奏、三船美優、十時愛梨,安部菜々
依田芳乃,一ノ瀬志希,橘ありす,安部菜々,安部菜々,一ノ瀬志希,一時期童貞を殺す服とか流行ってた時期ありますけど、普通に非童貞の自分や周りにもぶっ刺さってましたし、そういうの関係ないと思うんすよね(早口オタク),安部菜々
依田芳乃,一ノ瀬志希,橘ありす、鷺沢文香、新田美波、 大槻唯、七尾百合子、北沢志保、所恵美、水嶋咲、蒼井亨介、八宮めぐる,安部菜々,安部菜々,一ノ瀬志希,塩見周子,安部菜々
依田芳乃,一ノ瀬志希,及川雫,安部菜々,杏,一ノ瀬志希,乙倉ちゃん,安部菜々
依田芳乃,一ノ瀬志希,及川雫,安部菜々,依田芳乃,一ノ瀬志希,乙倉悠貴,安部菜々
依田芳乃,一ノ瀬志希,及川雫,安部菜々,依田芳乃,瑛梨華ちん,乙倉悠貴,安部菜々
依田芳乃,一ノ瀬志希,及川雫,安部菜々,依田芳乃,塩見周子,乙倉悠貴,安部菜々
依田芳乃,一ノ瀬志希,及川雫,安部菜々,依田芳乃,塩見周子,乙倉悠貴,安部菜々
依田芳乃,一ノ瀬志希,及川雫,安部菜々,依田芳乃,塩見周子,乙倉悠貴,安部菜々
依田芳乃,一ノ瀬志希,及川雫,安部菜々,依田芳乃,塩見周子,海老原菜帆,安部菜々
依田芳乃,一ノ瀬志希,宮本フレデリカ。,安部菜々,依田芳乃,塩見周子,関係ないと思う,安部菜々や佐藤心、杏やきらりとかギャップのある子かな？
依田芳乃,羽衣小町の二人,栗原ネネ,安部菜々,依田芳乃,塩見周子,関係性は無いと思う,安部奈々
一ノ瀬 志希,塩見周子,古澤頼子,安部菜々,依田芳乃,塩見周子,橘 ありす,杏
一ノ瀬志希,塩見周子,五十嵐響子,安部菜々,一ノ瀬 志希,塩見周子,橘ありす,意外とロリ勢が多そう
一ノ瀬志希,塩見周子,五十嵐響子,安部菜々,一ノ瀬 志希,岡崎泰葉,橘ありす,一ノ瀬
一ノ瀬志希,塩見周子,五十嵐響子,安部菜々,一ノ瀬志希,乙倉悠貴,橘ありす,一ノ瀬志希
一ノ瀬志希,塩見周子,五十嵐響子,杏,一ノ瀬志希,乙倉悠貴,橘ありす,一ノ瀬志希
一ノ瀬志希,塩見周子,五十嵐響子,依田芳乃,一ノ瀬志希,乙倉悠貴,橘ありす,一ノ瀬志希
一ノ瀬志希,塩見周子,五十嵐響子,一ノ瀬,一ノ瀬志希,乙倉悠貴,橘ありす,一ノ瀬志希
一ノ瀬志希,塩見周子,五十嵐響子,一ノ瀬志希,一ノ瀬志希,乙倉悠貴,橘ありす,一ノ瀬志希
一ノ瀬志希,塩見周子,五十嵐響子,一ノ瀬志希,一ノ瀬志希,乙倉悠貴,橘ありす,一ノ瀬志希
一ノ瀬志希,塩見周子,五十嵐響子,一ノ瀬志希,一ノ瀬志希,乙倉悠貴,橘ありす,一ノ瀬志希
一ノ瀬志希,塩見周子,五十嵐響子,一ノ瀬志希,一ノ瀬志希,乙倉悠貴,橘ありす,一ノ瀬志希
一ノ瀬志希,塩見周子,五十嵐響子,一ノ瀬志希,一ノ瀬志希,乙倉悠貴,橘ありす,一ノ瀬志希
一ノ瀬志希,塩見周子,五十嵐響子,一ノ瀬志希,一ノ瀬志希,乙倉悠貴,橘ありす,一ノ瀬志希
一ノ瀬志希,塩見周子,五十嵐響子,一ノ瀬志希,一ノ瀬志希,海老原菜緒,橘ありす,一ノ瀬志希
一ノ瀬志希,塩見周子,五十嵐響子,一ノ瀬志希,一ノ瀬志希,海老原菜帆,橘ありす,一ノ瀬志希
一ノ瀬志希,塩見周子,五十嵐響子,一ノ瀬志希,一ノ瀬志希,海老原菜帆,橘ありす,一ノ瀬志希
一ノ瀬志希,塩見周子,五十嵐響子,一ノ瀬志希,一ノ瀬志希,海老原菜帆,及川さん、楓さん、ユッコ,一ノ瀬志希
一ノ瀬志希,塩見周子,五十嵐響子,一ノ瀬志希,一ノ瀬志希,海老原菜帆,及川雫,一ノ瀬志希
一ノ瀬志希,乙倉悠貴,五十嵐響子,一ノ瀬志希,一ノ瀬志希,海老原菜帆,及川雫,一ノ瀬志希
一ノ瀬志希,乙倉悠貴,五十嵐響子,一ノ瀬志希,一ノ瀬志希,海老原菜帆,及川雫,一ノ瀬志希
一ノ瀬志希,乙倉悠貴,五十嵐響子,一ノ瀬志希,一ノ瀬志希,海老原菜帆,及川雫,一ノ瀬志希
一ノ瀬志希,乙倉悠貴,荒木比奈,一ノ瀬志希,一ノ瀬志希,海老原菜帆,及川雫,一ノ瀬志希
一ノ瀬志希,乙倉悠貴,高垣楓,一ノ瀬志希,塩見周子,海老原菜帆,及川雫,一ノ瀬志希
一ノ瀬志希,乙倉悠貴,高垣楓,一ノ瀬志希,塩見周子,海老原菜帆,宮本フレデリカ,一ノ瀬志希
一ノ瀬志希,乙倉悠貴,高垣楓,一ノ瀬志希,塩見周子,海老原菜帆,巨乳の子,一ノ瀬志希
塩見,乙倉悠貴,高垣楓,一ノ瀬志希,塩見周子,海老原菜帆,響子,一ノ瀬志希
塩見周子,乙倉悠貴,高垣楓,一ノ瀬志希,塩見周子,海老原菜穂,栗原ネネ,一ノ瀬志希  佐藤心
塩見周子,乙倉悠貴,高垣楓,一ノ瀬志希,塩見周子,喜多見柚,月岡恋鐘,一ノ瀬志希、向井拓海
塩見周子,乙倉悠貴,高垣楓,一ノ瀬志希,塩見周子,橘ありす,月岡恋鐘,一ノ瀬志紀
塩見周子,乙倉悠貴,高垣楓,一ノ瀬志希,塩見周子,橘ありす,五十嵐響子,一之瀬志紀
塩見周子,乙倉悠貴,高垣楓,一ノ瀬志希,塩見周子,及川さん,五十嵐響子,塩見周子
塩見周子,音無小鳥,高垣楓,一ノ瀬志希,塩見周子,及川雫,五十嵐響子,塩見周子
塩見周子,音無小鳥,高垣楓、一ノ瀬志希、神崎蘭子、双葉杏、新田美波、鷺沢文香,一ノ瀬志希,塩見周子,及川雫,五十嵐響子,塩見周子
塩見周子,我那覇響,高垣楓、渋谷凛、鷹森藍子,一ノ瀬志希,塩見周子,及川雫,五十嵐響子,塩見周子
塩見周子,海老原ちゃん,高校生の年代,一ノ瀬志希,塩見周子,及川雫,五十嵐響子,塩見周子
塩見周子,海老原菜帆,高森 藍子,一ノ瀬志希,塩見周子,及川雫,五十嵐響子,塩見周子
塩見周子,海老原菜帆,高森藍子,一之瀬志希,奥山沙織,及川雫,五十嵐響子,塩見周子
塩見周子,海老原菜帆,高森藍子,衛藤ちゃん,奥山沙織,及川雫,五十嵐響子,塩見周子
奥山沙織,海老原菜帆,高森藍子,衛藤美紗希,奥山沙織,及川雫、鷺沢文香、新田美波,五十嵐響子,塩見周子
横山千佳,海老原菜帆,高森藍子,塩見周子,奥山沙織,宮本フレデリカ,五十嵐響子,塩見周子
横山奈緒,海老原菜帆,高森藍子,塩見周子,横山千佳,強いて挙げるなら楓さん,五十嵐響子,塩見周子
岡崎泰葉,海老原菜帆,高森藍子,塩見周子,乙倉 悠貴,強いて言えば川島瑞樹,五十嵐響子,塩見周子
岡崎泰葉,海老原菜穂,高森藍子,塩見周子,乙倉 悠貴,栗原ネネ,五十嵐響子,塩見周子
岡崎泰葉,葛之葉雨彦,高森藍子,塩見周子,乙倉悠貴,栗原ネネ（担当内）、今井加奈（担当外）,五十嵐響子ちゃん(かわいくって好きですが…),塩見周子
乙倉悠貴,岸辺彩華,高森藍子 緒方智絵里 相葉夕美,塩見周子,乙倉悠貴,結城晴,荒木比奈,塩見周子
乙倉悠貴,喜多見柚,高森藍子、城ヶ崎美嘉,塩見周子,乙倉悠貴,結城晴,荒木比奈,塩見周子
乙倉悠貴,喜多見柚,黒川千明,塩見周子,乙倉悠貴,結城晴,荒木比奈,塩見周子
乙倉悠貴,喜多見柚,今井加奈 (ぼくもすき),塩見周子,乙倉悠貴,結城晴,荒木比奈,塩見周子
乙倉悠貴,喜多見柚,佐々木千枝,塩見周子,乙倉悠貴,結城晴,高垣楓,塩見周子
乙倉悠貴,喜多見柚,佐々木千枝,塩見周子,乙倉悠貴,原田美世,高垣楓,塩見周子
乙倉悠貴,喜多日菜子,佐々木千枝,塩見周子,乙倉悠貴,原田美世,高垣楓,塩見周子
乙倉悠貴,気にしたことがない,佐々木千枝,塩見周子,加蓮,五十嵐響子,高垣楓,塩見周子
乙倉悠貴,菊地真,佐久間 まゆ,塩見周子,茄子,五十嵐響子,高垣楓,塩見周子・一ノ瀬志貴
我那覇響,菊地真,佐久間まゆ,塩見周子,我那覇響,五十嵐響子,高垣楓,塩見周子・宮本フレデリカ
我那覇響,橘ありす,佐久間まゆ,塩見周子,我那覇響,御船美優,高垣楓,塩見周子、川島瑞樹、柊志乃、星井美希
海老原菜帆,橘ありす,佐久間まゆ,塩見周子,海老原菜帆,向井拓海,高垣楓、北条加蓮,乙倉悠貴
海老原菜帆,橘ありす,佐久間まゆ,塩見周子,海老原菜帆,向井拓海,高森藍子,乙倉悠貴
海老原菜帆,橘ありす,佐久間まゆ,塩見周子,海老原菜帆,向井拓海,高森藍子,回答しかねます
海老原菜帆,及川雫,佐久間まゆ,塩見周子,海老原菜帆,向井拓海,高森藍子,海老原菜帆
海老原菜帆,及川雫,佐久間まゆ,塩見周子,関裕美,向井拓海,高森藍子,海老原菜帆をすこれ
海老原菜帆,及川雫,佐久間まゆ,塩見周子,関裕美,向井拓海,高森藍子,関係ないと思う
関裕美,及川雫,佐久間まゆ,塩見周子,関裕美,向井拓海,高森藍子 小日向美穂 本田未央,関係性は無いと思う
関裕美,及川雫,佐久間まゆ,塩見周子,関裕美,工藤忍,高森藍子 大沼くるみ 鷺沢文香 赤城みりあ,喜多見柚
関裕美,及川雫,佐久間まゆ,塩見周子,関裕美,荒木比奈,佐久間まゆ,橘ありす
関裕美,及川雫,佐久間まゆ,塩見周子,喜多見 柚,荒木比奈,佐久間まゆ,橘ありす
関裕美,及川雫,佐久間まゆ、五十嵐響子、三船美優,塩見周子,喜多見柚,高垣楓,佐久間まゆ,橘ありす
関裕美,及川雫,佐久間まゆちゃん,塩見周子,喜多見柚,高垣楓,佐久間まゆ,及川雫
関裕美,及川雫,佐藤心,塩見周子,喜多見柚,高垣楓,佐久間まゆ,及川雫
関裕美,及川雫,佐藤心,塩見周子,喜多見柚,高垣楓,佐久間まゆ,及川雫
関裕美,及川雫,佐藤心,塩見周子,喜多見柚,高垣楓,佐久間まゆ,宮本フレデリカ
関裕美,及川雫,財前時子,奥山沙織,喜多見柚,高垣楓,佐久間まゆ,宮本フレデリカ
喜多見柚,及川雫,鷺さ,岡崎泰葉,喜多日菜子,高垣楓,佐久間まゆ,宮本フレデリカ
喜多見柚,及川雫,鷺沢,乙倉悠貴,喜多日菜子,高垣楓,佐久間まゆ、五十嵐響子,宮本フレデリカ
喜多見柚,及川雫,鷺沢 文香,乙倉悠貴,喜多日菜子,高垣楓,佐城雪美,宮本フレデリカ
喜多見柚,及川雫さん,鷺沢さん,乙倉悠貴,喜多日菜子,高垣楓,佐藤心,宮本フレデリカ
喜多見柚,宮本フレデリカ,鷺沢さん,加蓮,菊地真,高垣楓,佐藤心,宮本フレデリカ
喜多見柚,桑山千雪,鷺沢さん,加蓮,菊地真,高垣楓,鷺沢,宮本フレデリカ
喜多見柚,桑山千雪,鷺沢ふみか,間中美里,橘ありす,高垣楓,鷺沢さんか森久保,宮本フレデリカ
喜多日菜子,結城晴,鷺沢文香,関裕美,橘ありす,高垣楓,鷺沢さんとピンチェ,宮本フレデリカ
喜多日菜子,結城晴,鷺沢文香,関裕美,橘ありす,高垣楓,鷺沢さん水本さん茄子さん,宮本フレデリカ
喜多日菜子,月岡恋鐘,鷺沢文香,喜多見柚,橘ありす,高垣楓,鷺沢文華,宮本フレデリカ
喜多日菜子,原田美世,鷺沢文香,喜多見柚,橘ありす,高垣楓,鷺沢文香,宮本フレデリカ
喜多日菜子,原田美世,鷺沢文香,橘ありす,橘ありす,高橋礼子,鷺沢文香,桐生つかさ
喜多日菜子,原田美世,鷺沢文香,橘ありす,橘ありす,高橋礼子,鷺沢文香,桐生つかさ
喜多日菜子,原田美世,鷺沢文香,橘ありす,橘ありす,高橋礼子,鷺沢文香,桐生つかさ
菊地真,原田美世ちゃん,鷺沢文香,橘ありす,橘ありす,高橋礼子,鷺沢文香,桐生つかさ
菊地真,五十嵐響子,鷺沢文香,橘ありす,橘ありす,高橋礼子,鷺沢文香,桐生つかさ
菊地真,五十嵐響子,鷺沢文香,及川雫,橘ありす,高橋礼子,鷺沢文香,桐生つかさ
菊地真,五十嵐響子,鷺沢文香,及川雫,橘ありす,高橋礼子,鷺沢文香,桐生つかさ
菊地真,五十嵐響子,鷺沢文香,及川雫,橘ありす,高橋礼子,鷺沢文香,原田 美世
吉岡沙紀,五十嵐響子,鷺沢文香,及川雫 姫川友紀 梅木音葉,橘ありす,高橋礼子,鷺沢文香,原田美世
橘ありす,五十嵐響子,鷺沢文香,宮本フレデリカ,橘ありす,高橋礼子,鷺沢文香,五十嵐響子
橘ありす,五十嵐響子,鷺沢文香,宮本フレデリカ,橘ありす,高橋礼子さん,鷺沢文香,五十嵐響子
橘ありす,五十嵐響子,鷺沢文香,宮本フレデリカ,及川雫,高坂海美,鷺沢文香,五十嵐響子
橘ありす,五十嵐響子,鷺沢文香,宮本フレデリカ,及川雫,高森 藍子,鷺沢文香,五十嵐響子
橘ありす,五十嵐響子,鷺沢文香,宮本フレデリカ,及川雫,高森藍子,鷺沢文香,向井拓海
橘ありす,五十嵐響子,鷺沢文香,宮本フレデリカ,及川雫,高森藍子,鷺沢文香,向井拓海
橘ありす,向井拓海,鷺沢文香,宮本フレデリカ,宮元フレデリカ,高森藍子,鷺沢文香,向井拓海
橘ありす,向井拓海,鷺沢文香,宮本フレデリカ,宮本さん,高森藍子,鷺沢文香,工藤忍
橘ありす,向井拓海,鷺沢文香,宮本フレデリカ,宮本フレデリカ,高森藍子,鷺沢文香,荒木比奈
橘ありす,向井拓海,鷺沢文香,宮本フレデリカ,宮本フレデリカ,高森藍子,鷺沢文香,荒木比奈
橘ありす,向井拓海,鷺沢文香,宮本フレデリカ,宮本フレデリカ,高峯のあ,鷺沢文香,荒木比奈
橘ありす,向井拓海 (ヤンキー系の強い姉ちゃんに憧れがあるので),鷺沢文香,宮本フレデリカ,宮本フレデリカ,黒川千秋,鷺沢文香,高垣 楓
及川雫,工藤忍,鷺沢文香,宮本フレデリカ,宮本フレデリカ,黒川千秋,鷺沢文香,高垣楓
及川雫,江上椿,鷺沢文香,宮本フレデリカ,宮本フレデリカ,黒川千秋,鷺沢文香,高垣楓
宮本フレデリカ,荒木比奈,鷺沢文香,宮本フレデリカ,宮本フレデリカ,黒川千秋,鷺沢文香,高垣楓
宮本フレデリカ,荒木比奈,鷺沢文香,宮本フレデリカ,宮本フレデリカ,今井加奈,鷺沢文香,高垣楓
宮本フレデリカ,高垣楓,鷺沢文香,宮本フレデリカ,宮本フレデリカ,今井加奈,鷺沢文香,高垣楓
宮本フレデリカ,高垣楓,鷺沢文香,桐生つかさ,宮本フレデリカ,佐々木千枝,鷺沢文香,高垣楓
宮本フレデリカ,高垣楓,鷺沢文香,桐生つかさ,宮本フレデリカ,佐々木千枝,鷺沢文香,高垣楓
宮本フレデリカ,高垣楓,鷺沢文香,桐生つかさ,宮本フレデリカ,佐々木千枝,鷺沢文香,高垣楓
宮本フレデリカ,高垣楓,鷺沢文香,桐生つかさ,宮本フレデリカ,佐々木千枝,鷺沢文香,高垣楓
宮本フレデリカ,高垣楓,鷺沢文香,琴歌,宮本フレデリカ ,佐々木千枝,鷺沢文香,高垣楓
宮本フレデリカ,高垣楓,鷺沢文香,原田美世,桐生つかさ,佐々木千枝,鷺沢文香,高垣楓
宮本フレデリカ,高垣楓,鷺沢文香,原田美世,桐生つかさ,佐々木千枝,鷺沢文香,高垣楓
宮本フレデリカ,高垣楓,鷺沢文香,原田美世,掘裕子,佐々木千枝,鷺沢文香,高垣楓
宮本フレデリカ,高垣楓,鷺沢文香,原田美世,掘裕子,佐々木千枝,鷺沢文香,高垣楓
宮本フレデリカ,高垣楓,鷺沢文香,原美世,栗原ネネ,佐々木千枝,鷺沢文香,高垣楓
宮本フレデリカ,高垣楓,鷺沢文香,五十嵐響子,栗原ネネ,佐々木千枝,鷺沢文香,高垣楓
宮本フレデリカ,高垣楓さん,鷺沢文香,五十嵐響子,結城晴,佐久間まゆ,鷺沢文香,高垣楓
桐生つかさ,高橋礼子,鷺沢文香,五十嵐響子,結城晴,佐久間まゆ,鷺沢文香,高垣楓
掘裕子,高橋礼子,鷺沢文香,五十嵐響子,結城晴,佐久間まゆ,鷺沢文香,高垣楓
桑山千雪,高橋礼子,鷺沢文香,五十嵐響子,結城晴,佐久間まゆ,鷺沢文香,高垣楓
結城晴,高橋礼子,鷺沢文香,五十嵐響子,結城晴,佐久間まゆ,鷺沢文香,高垣楓
結城晴,高橋礼子,鷺沢文香,五十嵐響子,月宮雅,佐久間まゆ,鷺沢文香,高垣楓
結城晴,高橋礼子,鷺沢文香,五十嵐響子,原田美世,佐久間まゆ,鷺沢文香,高垣楓
結城晴,高橋礼子,鷺沢文香,五十嵐響子,古澤頼子,佐久間まゆ,鷺沢文香,高垣楓
結城晴,高坂海美,鷺沢文香,五十嵐響子,五十嵐響子,佐久間まゆ,鷺沢文香,高垣楓
結城晴,高森藍子,鷺沢文香,五十嵐響子,五十嵐響子,佐久間まゆ,鷺沢文香,高垣楓
結城晴,高森藍子,鷺沢文香,向井拓海,五十嵐響子,佐久間まゆ,鷺沢文香,高垣楓
結城晴,高森藍子,鷺沢文香,向井拓海,五十嵐響子,佐久間まゆ,鷺沢文香,高垣楓
原田美世,高森藍子,鷺沢文香,向井拓海,五十嵐響子,佐城雪美,鷺沢文香,高垣楓
古賀小春,高森藍子,鷺沢文香,向井拓海,五十嵐響子,佐藤心,鷺沢文香,高垣楓
古澤頼子,高峯のあ,鷺沢文香,工藤忍,五十嵐響子,佐藤心,鷺沢文香,高垣楓
五十嵐響子,黒川千秋,鷺沢文香,荒木比奈,五十嵐響子,佐藤心,鷺沢文香,高垣楓
五十嵐響子,黒川千秋,鷺沢文香,高垣 楓,五十嵐響子,佐藤心,鷺沢文香,高垣楓
五十嵐響子,黒川千秋,鷺沢文香,高垣楓,五十嵐響子ちゃん,佐藤心,鷺沢文香,高垣楓
五十嵐響子,今井加奈,鷺沢文香,高垣楓,向井拓海,佐藤心,鷺沢文香,高垣楓
五十嵐響子,佐々木千枝,鷺沢文香,高垣楓,向井拓海,佐藤心,鷺沢文香,高垣楓
五十嵐響子,佐々木千枝,鷺沢文香,高垣楓,向井拓海,佐藤心,鷺沢文香,高垣楓
五十嵐響子,佐々木千枝,鷺沢文香,高垣楓,向井拓海,佐藤心,鷺沢文香,高垣楓
五十嵐響子,佐々木千枝,鷺沢文香,高垣楓,向井拓海,佐藤心,鷺沢文香,高垣楓
五十嵐響子,佐々木千枝,鷺沢文香,高垣楓,向井拓海,佐藤心,鷺沢文香,高垣楓
五十嵐響子,佐々木千枝,鷺沢文香,高垣楓,工藤忍,佐藤心,鷺沢文香,高垣楓
五十嵐響子,佐々木千枝,鷺沢文香,高垣楓,工藤忍,佐藤心,鷺沢文香,高垣楓
五十嵐響子,佐々木千枝,鷺沢文香,高垣楓,幸子,佐藤心,鷺沢文香,高垣楓
向井拓海,佐々木千枝,鷺沢文香,高垣楓,荒木比奈,佐藤心,鷺沢文香,高垣楓
工藤 忍,佐々木千枝,鷺沢文香,高垣楓,荒木比奈,佐藤心,鷺沢文香,高垣楓
工藤忍,佐々木千枝,鷺沢文香,高垣楓,荒木比奈,佐藤心,鷺沢文香,高垣楓
工藤忍,佐々木千枝,鷺沢文香,高垣楓,荒木比奈,佐藤心,鷺沢文香,高垣楓
工藤忍,佐々木千枝,鷺沢文香,高垣楓,荒木比奈,佐藤心,鷺沢文香,高垣楓
工藤忍,佐々木千枝,鷺沢文香,高垣楓,荒木比奈,佐藤心は最高の女だと思いますが、自分と性的にどうこうというのは全く思いません,鷺沢文香,高垣楓
工藤忍,佐々木千枝,鷺沢文香,高垣楓,荒木比奈,財前時子,鷺沢文香,高垣楓
江上椿,佐々木千枝,鷺沢文香,高垣楓,高垣 楓,鷺沢,鷺沢文香,高垣楓
荒木比奈,佐々木千枝,鷺沢文香,高垣楓,高垣楓,鷺沢さん,鷺沢文香,高垣楓
荒木比奈,佐々木千枝,鷺沢文香,高垣楓,高垣楓,鷺沢文香,鷺沢文香,高垣楓
荒木比奈,佐久間まゆ,鷺沢文香,高垣楓,高垣楓,鷺沢文香,鷺沢文香,高垣楓
荒木比奈,佐久間まゆ,鷺沢文香,高垣楓,高垣楓,鷺沢文香,鷺沢文香,高垣楓
荒木比奈,佐久間まゆ,鷺沢文香,高垣楓,高垣楓,鷺沢文香,鷺沢文香,高垣楓
荒木比奈,佐久間まゆ,鷺沢文香,高垣楓,高垣楓,鷺沢文香,鷺沢文香,高垣楓
荒木比奈,佐久間まゆ,鷺沢文香,高垣楓,高垣楓,鷺沢文香,鷺沢文香,高垣楓
荒木比奈,佐久間まゆ,鷺沢文香,高垣楓,高垣楓,鷺沢文香,鷺沢文香,高垣楓
荒木比奈,佐久間まゆ,鷺沢文香,高垣楓,高垣楓,鷺沢文香,鷺沢文香,高垣楓
荒木比奈,佐久間まゆ,鷺沢文香,高垣楓,高垣楓,鷺沢文香,鷺沢文香,高垣楓
荒木比奈,佐久間まゆ,鷺沢文香,高垣楓,高垣楓,鷺沢文香,鷺沢文香,高垣楓
高垣楓,佐久間まゆ,鷺沢文香,高垣楓,高垣楓,鷺沢文香,鷺沢文香,高垣楓
高垣楓,佐久間まゆ,鷺沢文香,高垣楓,高垣楓,鷺沢文香,鷺沢文香,高垣楓
高垣楓,佐久間まゆ,鷺沢文香,高垣楓,高垣楓,鷺沢文香,鷺沢文香,高垣楓
高垣楓,佐久間まゆ,鷺沢文香,高垣楓,高垣楓,鷺沢文香,鷺沢文香,高垣楓
高垣楓,佐久間まゆ,鷺沢文香,高垣楓,高垣楓,鷺沢文香,鷺沢文香,高垣楓
高垣楓,佐久間まゆ,鷺沢文香,高垣楓,高垣楓,鷺沢文香,鷺沢文香,高垣楓
高垣楓,佐城雪美,鷺沢文香,高垣楓,高垣楓,鷺沢文香,鷺沢文香,高垣楓
高垣楓,佐竹美奈子,鷺沢文香,高垣楓,高垣楓,鷺沢文香,鷺沢文香,高垣楓
高垣楓,佐竹美奈子,鷺沢文香,高垣楓,高垣楓,鷺沢文香,鷺沢文香,高垣楓
高垣楓,佐藤心,鷺沢文香,高垣楓,高垣楓,鷺沢文香,鷺沢文香,高垣楓
高垣楓,佐藤心,鷺沢文香,高垣楓,高垣楓,鷺沢文香,鷺沢文香,高垣楓
高垣楓,佐藤心,鷺沢文香,高垣楓,高垣楓,鷺沢文香,鷺沢文香,高垣楓
高垣楓,佐藤心,鷺沢文香,高垣楓,高垣楓,鷺沢文香,鷺沢文香,高垣楓
高垣楓,佐藤心,鷺沢文香,高垣楓,高橋礼子,鷺沢文香,鷺沢文香,高垣楓
高垣楓,佐藤心,鷺沢文香,高垣楓,高橋礼子,鷺沢文香,鷺沢文香,高垣楓
高垣楓,佐藤心,鷺沢文香,高垣楓,高山紗代子,鷺沢文香,鷺沢文香,高垣楓
高垣楓,佐藤心,鷺沢文香,高垣楓,高森藍子,鷺沢文香,鷺沢文香,高垣楓　一ノ瀬志希　持田亜里砂
高垣楓,佐藤心,鷺沢文香,高垣楓,高森藍子,鷺沢文香,鷺沢文香,高垣楓、新田美波
高垣楓,佐藤心,鷺沢文香,高垣楓,高森藍子,鷺沢文香,鷺沢文香,高橋礼子
高垣楓,佐藤心,鷺沢文香,高垣楓,高森藍子,鷺沢文香,鷺沢文香,高橋礼子
高垣楓,佐藤心,鷺沢文香,高垣楓,高森藍子,鷺沢文香,鷺沢文香,高森藍子
高垣楓,佐藤心,鷺沢文香,高垣楓,高森藍子,鷺沢文香,鷺沢文香,高森藍子
高垣楓,佐藤心,鷺沢文香,高垣楓,高森藍子,鷺沢文香,鷺沢文香,高森藍子
高垣楓,最早そういう目で見れない、絵画や彫刻、もしくは身内に向ける感情と近い,鷺沢文香,高垣楓,高森藍子,鷺沢文香,鷺沢文香,高森藍子
高垣楓,財前時子,鷺沢文香,高垣楓,高森藍子,鷺沢文香,鷺沢文香,高森藍子
高垣楓,財前時子,鷺沢文香,高垣楓,高森藍子,鷺沢文香,鷺沢文香,高森藍子
高垣楓さん,財前時子,鷺沢文香,高垣楓,高森藍子,鷺沢文香,鷺沢文香,高槻やよい
高橋礼子,財前時子様,鷺沢文香,高垣楓,高森藍子,鷺沢文香,鷺沢文香,黒川千秋
高坂海美,冴島清美,鷺沢文香,高垣楓,高森藍子,鷺沢文香,鷺沢文香,今井加奈
高森藍子,冴島清美,鷺沢文香,高垣楓,高槻やよい,鷺沢文香,鷺沢文香,佐久間まゆ
高森藍子,榊原里美,鷺沢文香,高垣楓,高槻やよい,鷺沢文香,鷺沢文香,佐久間まゆ
高森藍子,鷺沢 文香,鷺沢文香,高垣楓,高槻やよい,鷺沢文香,鷺沢文香,佐久間まゆ
高森藍子,鷺沢文香,鷺沢文香,高垣楓,高峯のあ,鷺沢文香,鷺沢文香,佐久間まゆ
高森藍子,鷺沢文香,鷺沢文香,高垣楓,高峯のあ,鷺沢文香,鷺沢文香,佐久間まゆ
高森藍子,鷺沢文香,鷺沢文香,高垣楓,高峯のあ,鷺沢文香,鷺沢文香,佐久間まゆ
高森藍子,鷺沢文香,鷺沢文香,高垣楓,高峯のあ,鷺沢文香,鷺沢文香,佐久間まゆ
高森藍子,鷺沢文香,鷺沢文香,高垣楓,黒川千秋,鷺沢文香,鷺沢文香,佐久間まゆ
高森藍子,鷺沢文香,鷺沢文香,高垣楓,今井加奈,鷺沢文香,鷺沢文香,佐久間まゆ
高森藍子,鷺沢文香,鷺沢文香,高垣楓,今井加奈,鷺沢文香,鷺沢文香,佐藤心
高森藍子,鷺沢文香,鷺沢文香,高垣楓,今井加奈,鷺沢文香,鷺沢文香,佐藤心
高森藍子,鷺沢文香,鷺沢文香,高垣楓,今井加奈,鷺沢文香,鷺沢文香,佐藤心
高森藍子,鷺沢文香,鷺沢文香,高垣楓,佐々木千枝,鷺沢文香,鷺沢文香,佐藤心
高森藍子,鷺沢文香,鷺沢文香,高垣楓,佐々木千枝,鷺沢文香,鷺沢文香,佐藤心
高森藍子,鷺沢文香,鷺沢文香,高垣楓,佐々木千枝,鷺沢文香,鷺沢文香,佐藤心
高森藍子,鷺沢文香,鷺沢文香,高垣楓,佐々木千枝,鷺沢文香,鷺沢文香,佐藤心
高森藍子,鷺沢文香,鷺沢文香,高垣楓,佐々木千枝,鷺沢文香,鷺沢文香,佐藤心
高森藍子,鷺沢文香,鷺沢文香,高垣楓,佐々木千枝,鷺沢文香,鷺沢文香,佐藤心
高森藍子,鷺沢文香,鷺沢文香,高垣楓,佐々木千枝,鷺沢文香,鷺沢文香,佐藤心
高森藍子,鷺沢文香,鷺沢文香,高垣楓,佐々木千枝,桜守歌織,鷺沢文香,佐藤心
高森藍子,鷺沢文香,鷺沢文香,高垣楓,佐久間まゆ,三浦あずさ,鷺沢文香,佐藤心
高森藍子,鷺沢文香,鷺沢文香,高垣楓,佐久間まゆ,三船みゆ,鷺沢文香,佐藤心
高森藍子,鷺沢文香,鷺沢文香,高垣楓,佐久間まゆ,三船美優,鷺沢文香,佐藤心
高森藍子,鷺沢文香,鷺沢文香,高垣楓,佐久間まゆ,三船美優,鷺沢文香,佐藤心
高森藍子,鷺沢文香,鷺沢文香,高垣楓,佐久間まゆ,三船美優,鷺沢文香,佐藤心
高森藍子,鷺沢文香,鷺沢文香,高垣楓,佐久間まゆ,三船美優,鷺沢文香,佐藤心
高森藍子,鷺沢文香,鷺沢文香,高垣楓,佐久間まゆ,三船美優,鷺沢文香,佐藤心
高森藍子,鷺沢文香,鷺沢文香,高垣楓,佐久間まゆ,三船美優,鷺沢文香,佐藤心
高森藍子,鷺沢文香,鷺沢文香,高垣楓,佐久間まゆ,三船美優,鷺沢文香,佐藤心
高森藍子,鷺沢文香,鷺沢文香,高垣楓,佐久間まゆ,三船美優,鷺沢文香,佐藤心
高森藍子,鷺沢文香,鷺沢文香,高垣楓,佐久間まゆ,三船美優,鷺沢文香,佐藤心
高森藍子,鷺沢文香,鷺沢文香,高垣楓,佐久間まゆ,三船美優,鷺沢文香,佐藤心
高森藍子,鷺沢文香,鷺沢文香,高垣楓,佐久間まゆ,三船美優,鷺沢文香,佐藤心
高森藍子,鷺沢文香,鷺沢文香,高垣楓,佐久間まゆ,三船美優,鷺沢文香,佐藤心
高森藍子,鷺沢文香,鷺沢文香,高垣楓,佐久間まゆ,三船美優,鷺沢文香,佐藤心
高森藍子,鷺沢文香,鷺沢文香,高垣楓,佐久間まゆ,三船美優,鷺沢文香,佐藤心
高森藍子,鷺沢文香,鷺沢文香,高垣楓,佐久間まゆ,三船美優,鷺沢文香,佐藤心
高槻やよい,鷺沢文香,鷺沢文香,高垣楓,佐久間まゆ,三船美優,鷺沢文香,佐藤心
高槻やよいちゃん,鷺沢文香,鷺沢文香,高垣楓,佐久間まゆ,三船美優,鷺沢文香,佐藤心
高峯のあ,鷺沢文香,鷺沢文香,高垣楓,佐久間まゆ,三船美優,鷺沢文香,佐藤心
高峯のあ,鷺沢文香,鷺沢文香,高垣楓,佐久間まゆ,三船美優,鷺沢文香,佐藤心
高峯のあ,鷺沢文香,鷺沢文香,高垣楓,佐久間まゆ,三船美優,鷺沢文香,佐藤心
高峯のあ,鷺沢文香,鷺沢文香,高垣楓,佐久間まゆ,三船美優,鷺沢文香,佐藤心
高峯のあ,鷺沢文香,鷺沢文香,高垣楓,佐久間まゆ,三船美優,鷺沢文香,佐藤心
黒川千秋,鷺沢文香,鷺沢文香,高垣楓,佐久間まゆ,三船美優,鷺沢文香,佐藤心
黒川千秋,鷺沢文香,鷺沢文香,高垣楓,佐久間まゆ,三船美優,鷺沢文香,佐藤心
今井加奈,鷺沢文香,鷺沢文香,高垣楓,佐久間まゆ,三船美優,鷺沢文香,佐藤心
今井加奈,鷺沢文香,鷺沢文香,高垣楓,佐久間まゆ,三船美優,鷺沢文香,佐藤心
今井加奈,鷺沢文香,鷺沢文香,高垣楓,佐久間まゆ,三船美優,鷺沢文香,佐藤心
今井加奈,鷺沢文香,鷺沢文香,高垣楓,佐久間まゆ,三船美優,鷺沢文香,佐藤心
今井加奈,鷺沢文香,鷺沢文香,高垣楓,佐久間まゆ,三船美優,鷺沢文香,佐藤心
今井加奈,鷺沢文香,鷺沢文香,高垣楓,佐久間まゆ,三船美優,鷺沢文香,佐藤心
今井加奈,鷺沢文香,鷺沢文香,高垣楓,佐久間まゆ,三船美優,鷺沢文香,佐藤心
佐々木千枝,鷺沢文香,鷺沢文香,高垣楓,佐久間まゆ,三船美優,鷺沢文香,菜々さん
佐々木千枝,鷺沢文香,鷺沢文香,高垣楓,佐久間まゆ,三船美優,鷺沢文香,財前時子
佐々木千枝,鷺沢文香,鷺沢文香,高垣楓,佐久間まゆ,三船美優,鷺沢文香,財前時子
佐々木千枝,鷺沢文香,鷺沢文香,高垣楓,佐久間まゆ,三船美優,鷺沢文香,財前時子
佐々木千枝,鷺沢文香,鷺沢文香,高垣楓,佐久間まゆ,三船美優,鷺沢文香,財前時子、二宮飛鳥
佐々木千枝,鷺沢文香,鷺沢文香,高垣楓,佐久間まゆ,三船美優,鷺沢文香,鷺沢 文香
佐々木千枝,鷺沢文香,鷺沢文香,高垣楓,佐城雪美,三船美優,鷺沢文香,鷺沢文香
佐々木千枝,鷺沢文香,鷺沢文香,高垣楓,佐城雪美,三船美優,鷺沢文香,鷺沢文香
佐々木千枝,鷺沢文香,鷺沢文香,高垣楓,佐城雪美,三船美優,鷺沢文香,鷺沢文香
佐久間まゆ,鷺沢文香,鷺沢文香,高垣楓,佐藤心,三船美優,鷺沢文香,鷺沢文香
佐久間まゆ,鷺沢文香,鷺沢文香,高垣楓,佐藤心,三船美優,鷺沢文香,鷺沢文香
佐久間まゆ,鷺沢文香,鷺沢文香,高垣楓,佐藤心,三船美優,鷺沢文香,鷺沢文香
佐久間まゆ,鷺沢文香,鷺沢文香,高垣楓、速水奏、渋谷凛,佐藤心,三船美優,鷺沢文香,鷺沢文香
佐久間まゆ,鷺沢文香,鷺沢文香,高垣楓さん,佐藤心,三船美優,鷺沢文香,鷺沢文香
佐久間まゆ,鷺沢文香,鷺沢文香,高橋礼子,佐藤心,三船美優,鷺沢文香,鷺沢文香
佐久間まゆ,鷺沢文香,鷺沢文香,高橋礼子,佐藤心,三船美優,鷺沢文香,鷺沢文香
佐久間まゆ,鷺沢文香,鷺沢文香,高森藍子,佐藤心,三船美優,鷺沢文香,鷺沢文香
佐久間まゆ,鷺沢文香,鷺沢文香,高森藍子,佐藤心,三船美優,鷺沢文香,鷺沢文香
佐久間まゆ,鷺沢文香,鷺沢文香,高森藍子,佐藤心,三船美優,鷺沢文香,鷺沢文香
佐久間まゆ,鷺沢文香,鷺沢文香,高森藍子,佐藤心,三船美優,鷺沢文香,鷺沢文香
佐久間まゆ,鷺沢文香,鷺沢文香,高森藍子,佐藤心,三船美優,鷺沢文香,鷺澤文香
佐久間まゆ,桜守歌織,鷺沢文香,高森藍子,佐藤心,三船美優,鷺沢文香,三浦あずさ
佐久間まゆ,桜守歌織,鷺沢文香,高森藍子,佐藤心,三船美優,鷺沢文香,三船さん
佐久間まゆ,三浦あずさ,鷺沢文香,高森藍子、三船美優,佐藤心,三船美優,鷺沢文香,三船さん
佐久間まゆ,三船 美優,鷺沢文香,佐久間まゆ,佐藤心,三船美優,鷺沢文香,三船さん
佐久間まゆ,三船さん,鷺沢文香,佐久間まゆ,財前時子,三船美優,鷺沢文香,三船美優
佐久間まゆ,三船さん,鷺沢文香,佐久間まゆ,鷺沢文香,三船美優,鷺沢文香,三船美優
佐久間まゆ,三船さん,鷺沢文香,佐久間まゆ,鷺沢文香,三船美優,鷺沢文香,三船美優
佐久間まゆ,三船さん,鷺沢文香,佐久間まゆ,鷺沢文香,三船美優,鷺沢文香,三船美優
佐久間まゆ,三船美佳,鷺沢文香,佐久間まゆ,鷺沢文香,三船美優,鷺沢文香,三船美優
佐久間まゆ,三船美優,鷺沢文香,佐久間まゆ、水木聖來,鷺沢文香,三船美優,鷺沢文香,三船美優
佐久間まゆ,三船美優,鷺沢文香,佐竹美奈子,鷺沢文香,三船美優,鷺沢文香,三船美優
佐久間まゆ,三船美優,鷺沢文香,佐竹美奈子,鷺沢文香,三船美優,鷺沢文香,三船美優
佐久間まゆ,三船美優,鷺沢文香,佐藤心,鷺沢文香,三船美優,鷺沢文香,三船美優
佐久間まゆ,三船美優,鷺沢文香,佐藤心,鷺沢文香,三船美優,鷺沢文香,三船美優
佐久間まゆ,三船美優,鷺沢文香,佐藤心,鷺沢文香,三船美優,鷺沢文香,三船美優
佐久間まゆ,三船美優,鷺沢文香,佐藤心,鷺沢文香,三船美優,鷺沢文香,三船美優
佐城雪美,三船美優,鷺沢文香,佐藤心,鷺沢文香,三船美優,鷺沢文香,三船美優
佐城雪美,三船美優,鷺沢文香,佐藤心,鷺沢文香,三船美優,鷺沢文香,三船美優
佐城雪美,三船美優,鷺沢文香,佐藤心,鷺沢文香,三船美優,鷺沢文香,三船美優
佐城雪美,三船美優,鷺沢文香,佐藤心,鷺沢文香,三船美優,鷺沢文香,三船美優
佐城雪美,三船美優,鷺沢文香,佐藤心,鷺沢文香,三船美優,鷺沢文香,三船美優
佐城雪美,三船美優,鷺沢文香,佐藤心,鷺沢文香,三船美優,鷺沢文香,三船美優
佐城雪美,三船美優,鷺沢文香,佐藤心,三浦あずさ,三船美優,鷺沢文香,三船美優
佐城雪美,三船美優,鷺沢文香,佐藤心,三船美優,三船美優,鷺沢文香,三船美優
佐城雪美,三船美優,鷺沢文香,佐藤心,三船美優,三船美優,鷺沢文香,三船美優
佐城雪美,三船美優,鷺沢文香,佐藤心,三船美優,三船美優,鷺沢文香,三船美優
佐城雪美,三船美優,鷺沢文香,佐藤心、城ヶ崎美嘉、姫川友紀、前川みく,三船美優,三船美優,鷺沢文香,三船美優
佐城雪美ちゃん,三船美優,鷺沢文香,佐藤心さん,三船美優,三船美優,鷺沢文香,三船美優
佐藤心,三船美優,鷺沢文香,財前時子,三船美優,三船美優,鷺沢文香,三船美優
佐藤心,三船美優,鷺沢文香,鷺沢文香,三船美優,三船美優,鷺沢文香,三船美優
佐藤心,三船美優,鷺沢文香,鷺沢文香,三船美優,三船美優,鷺沢文香,三船美優
佐藤心,三船美優,鷺沢文香,鷺沢文香,三船美優,三船美優,鷺沢文香,三船美優
佐藤心,三船美優,鷺沢文香,鷺沢文香,三船美優,三船美優,鷺沢文香,三船美優
佐藤心,三船美優,鷺沢文香,鷺沢文香,三船美優,三船美優,鷺沢文香,三船美優、財前時子、安部菜々
佐藤心,三船美優,鷺沢文香,鷺沢文香,三船美優,三船美優、佐藤心、安部菜々,鷺沢文香,三船美優、浜川愛結奈
佐藤心,三船美優,鷺沢文香,鷺沢文香,三船美優,三船美優さん,鷺沢文香,三村かな子
佐藤心,三船美優,鷺沢文香,鷺沢文香,三船美優,三船美優さん,鷺沢文香,三村かな子
佐藤心,三船美優,鷺沢文香,鷺沢文香,三船美優,三船美優さん,鷺沢文香,三村かな子
佐藤心,三船美優,鷺沢文香,鷺沢文香,三船美優,三船美優さん,鷺沢文香,三村かな子
佐藤心,三船美優,鷺沢文香,鷺沢文香,三船美優さん,三村かな子,鷺沢文香,三村かな子
佐藤心,三船美優,鷺沢文香,鷺沢文香,三村かな子,三村かな子,鷺沢文香,三村かな子
財前時子,三船美優,鷺沢文香,鷺沢文香,三村かな子,三村かな子,鷺沢文香,三村かな子
財前時子,三船美優,鷺沢文香,鷺沢文香,三村かな子,三村かな子,鷺沢文香,三村かな子
財前時子,三船美優,鷺沢文香,鷺沢文香,三村かな子,三村かな子,鷺沢文香,三村かな子、新田美波、的場梨沙、高森藍子、諸星きらり
財前時子様,三船美優,鷺沢文香,鷺沢文香,三村かな子,三村かな子,鷺沢文香,三村かな子、白菊ほたる
冴島清美,三船美優,鷺沢文香,鷺沢文香,三村かな子,三村かな子,鷺沢文香,市原仁奈
鷺沢文香,三船美優,鷺沢文香,鷺沢文香,三村かな子,三村かな子,鷺沢文香,志希、持田亜里沙、しゅがは
鷺沢文香,三船美優,鷺沢文香,鷺沢文香,四条貴音,三村かな子,鷺沢文香,思いつかず。
鷺沢文香,三船美優,鷺沢文香,鷺沢文香,四条貴音,三村かな子,鷺沢文香,思いつかない
鷺沢文香,三船美優,鷺沢文香,鷺沢文香,四条貴音,四条貴音,鷺沢文香,思いつかない
鷺沢文香,三船美優,鷺沢文香,鷺沢文香,市原仁奈,四条貴音,鷺沢文香,思いつきません
鷺沢文香,三船美優,鷺沢文香,鷺沢文香,市原仁奈,四条貴音,鷺沢文香,時子さま
鷺沢文香,三船美優,鷺沢文香,鷺沢文香,志希,四条貴音,鷺沢文香,自分の趣味
鷺沢文香,三船美優,鷺沢文香,鷺沢文香,志希,四条貴音,鷺沢文香,篠原礼
鷺沢文香,三船美優,鷺沢文香,鷺澤文香,氏家むつみ,四条貴音,鷺沢文香,周子、心さん
鷺沢文香,三船美優,鷺沢文香,桜守歌織,持田亜里沙,四条貴音,鷺沢文香,十時愛梨
鷺沢文香,三船美優,鷺沢文香,三浦あずさ,若林智香,四条貴音、栗原ネネ,鷺沢文香,十時愛梨
鷺沢文香,三船美優,鷺沢文香,三船,珠美,市原仁奈,鷺沢文香,十時愛梨
鷺沢文香,三船美優,鷺沢文香,三船美優,秋月律子,志希,鷺沢文香,十時愛梨
鷺沢文香,三船美優,鷺沢文香,三船美優,秋月律子,志乃さん,鷺沢文香,十時愛梨
鷺沢文香,三船美優,鷺沢文香,三船美優,十時愛梨,思いつかない,鷺沢文香,十時愛理
鷺沢文香,三船美優,鷺沢文香,三船美優,渋谷凛,思い浮かばず,鷺沢文香,渋谷凛
鷺沢文香,三船美優,鷺沢文香,三船美優,渋谷凛,持田亜里沙,鷺沢文香,渋谷凛
鷺沢文香,三船美優,鷺沢文香,三船美優,渋谷凛,持田亜里沙,鷺沢文香,渋谷凛
鷺沢文香,三船美優,鷺沢文香,三船美優,渋谷凛,篠原礼,鷺沢文香,渋谷凛
鷺沢文香,三船美優,鷺沢文香,三船美優,渋谷凛,篠原礼,鷺沢文香,渋谷凛
鷺沢文香,三船美優,鷺沢文香,三船美優,渋谷凛,篠原礼,鷺沢文香,渋谷凛
鷺沢文香,三船美優,鷺沢文香,三船美優,渋谷凛,篠原礼,鷺沢文香,渋谷凛
鷺沢文香,三船美優,鷺沢文香,三船美優,渋谷凛,篠原礼,鷺沢文香,渋谷凛
鷺沢文香,三船美優,鷺沢文香,三船美優,渋谷凛,篠原礼,鷺沢文香,渋谷凛
鷺沢文香,三船美優,鷺沢文香,三船美優,渋谷凛,篠原礼,鷺沢文香,渋谷凛
鷺沢文香,三船美優,鷺沢文香,三船美優,渋谷凛,篠原礼,鷺沢文香,渋谷凛
鷺沢文香,三船美優,鷺沢文香,三船美優,渋谷凛,篠原礼、木場真波,鷺沢文香,渋谷凜
鷺沢文香,三船美優,鷺沢文香,三船美優,渋谷凛,若林智香,鷺沢文香,緒方智絵里
鷺沢文香,三船美優,鷺沢文香,三船美優,渋谷凛,若林智香（主にワキ）,鷺沢文香,緒方智絵里
鷺沢文香,三船美優,鷺沢文香,三船美優,渋谷凛,周子,鷺沢文香,諸星きらり
鷺沢文香,三船美優,鷺沢文香,三船美優,渋谷凜,秋月律子,鷺沢文香,諸星きらり
桜井桃華,三船美優,鷺沢文香,三船美優,緒方智絵里,秋月涼,鷺沢文香 ,諸星きらり
桜守歌織,三船美優,鷺沢文香,三船美優,緒方智絵里,秋月涼,鷺沢文香　橘ありす　櫻井桃華　遊佐こずえ　赤城みりあ　緒方智絵里,諸星きらり
三浦あずさ,三船美優,鷺沢文香,三船美優,緒方智絵里,十時,鷺沢文香 佐久間まゆ 速水奏  ,諸星きらり
三好紗南,三船美優,鷺沢文香,三船美優,緒方智絵里,十時愛梨,鷺沢文香 三船美優 緒方智絵里 ,諸星きらり
三好紗南,三船美優,鷺沢文香,三船美優,緒方智絵里,十時愛梨,鷺沢文香 三船美優 新田美波,諸星きらり
三好紗南,三船美優,鷺沢文香,三船美優,緒方智絵里,十時愛梨,鷺沢文香 緒方智絵里 佐久間まゆ,諸星きらり
三船美優,三船美優,鷺沢文香,三船美優,緒方智絵里,十時愛梨,鷺沢文香 新田美波 三船美優,諸星きらり
三船美優,三船美優,鷺沢文香,三船美優,緒方智絵里,十時愛梨,鷺沢文香、(ミリオンの百瀬莉緒),諸星きらり
三船美優,三船美優,鷺沢文香,三船美優,緒方智絵里,十時愛梨,鷺沢文香、一ノ瀬志希,諸星きらり　島原エレナ　伊吹翼
三船美優,三船美優,鷺沢文香,三船美優,緒方智絵里,十時愛梨,鷺沢文香、五十嵐響子,小松伊吹
三船美優,三船美優,鷺沢文香,三船美優,緒方智絵里,十時愛梨,鷺沢文香、五十嵐響子、櫻井桃華、佐久間まゆ、高森藍子,小早川紗枝
三船美優,三船美優,鷺沢文香,三船美優,緒方智絵里,十時愛梨,鷺沢文香、荒木比奈、三好紗南,小早川紗枝
三船美優,三船美優,鷺沢文香,三船美優,緒方智絵里,十時愛梨,鷺沢文香、高森藍子,小日向美穂
三船美優,三船美優,鷺沢文香,三船美優,緒方智絵里,十時愛梨,鷺沢文香、緒方智絵里,小日向美穂
三船美優,三船美優,鷺沢文香,三船美優,緒方智絵里,十時愛梨,鷺沢文香、緒方智絵里,小日向美穂
三船美優,三船美優,鷺沢文香,三船美優,緒方智絵里,十時愛梨,鷺沢文香、小日向美穂、新田美波,小日向美穂
三船美優,三船美優,鷺沢文香,三船美優,諸星きらり,十時愛梨,鷺沢文香、城ヶ崎美嘉、高垣楓、佐久間まゆ,小日向美穂
三村かな子,三船美優,鷺沢文香,三船美優,諸星きらり,十時愛梨,鷺沢文香、大槻唯,松永涼
三村かな子,三船美優,鷺沢文香,三船美優,諸星きらり,十時愛梨,鷺沢文香、大槻唯、三船美優,松永涼
三村かな子,三船美優,鷺沢文香,三船美優,諸星きらり,十時愛梨,鷺沢文香さん,松永涼
三村かな子,三船美優,鷺沢文香,三船美優,諸星きらり,十時愛梨,鷺沢文香さん、十時愛梨さん,松山久美子
三村かな子,三船美優さん,鷺沢文香,三船美優,諸星きらり,十時愛梨,三船さん,松山久美子
三村かな子,三船美優さん,鷺沢文香,三船美優,諸星きらり,十時愛梨,三船さん,松本沙理奈
三村かな子,三船美優さん,鷺沢文香,三船美優,諸星きらり,十時愛梨,三船美優,松本沙理奈
三村かな子,三船美優さん,鷺沢文香,三船美優,諸星きらり,十時愛梨,三船美優,松本沙理奈
三村かな子,三村かなこ,鷺沢文香,三船美優？(あまり自信はない),小関麗奈,十時愛梨,三船美優,松本沙理奈
四条貴音,三村かな子,鷺沢文香,三村かなこ,小関麗奈,十時愛梨,三船美優,松本沙理奈
四条貴音,三村かな子,鷺沢文香,三村かな子,小早川紗枝,十時愛梨,三船美優,松本沙理奈、大槻唯
市原仁奈,三村かな子,鷺沢文香,三村かな子,小早川紗枝,十時愛梨,三船美優,松本紗理奈
市原仁奈,三村かな子,鷺沢文香,三村かな子,小早川紗枝,十時愛梨,三船美優,城ヶ崎美嘉
首藤葵,三村かな子,鷺沢文香,市原仁奈,小早川紗枝,十時愛梨,三船美優,城ヶ崎美嘉
首藤葵,三村かな子,鷺沢文香,市原仁奈,小早川紗枝,十時愛梨,三船美優,城ヶ崎美嘉
十時愛梨,三村かな子,鷺沢文香,市原仁奈,小早川紗枝,十時愛梨,三船美優,城ヶ崎美嘉
十時愛梨,四条貴音,鷺沢文香,市原仁奈,小早川紗枝,十時愛梨,三船美優,城ヶ崎美嘉
十時愛梨,四条貴音,鷺沢文香,思い付かない,小早川紗枝,十時愛梨,三船美優 鷺沢文香 五十嵐響子,城ヶ崎美嘉
十時愛梨,四条貴音,鷺沢文香,思い付かないのでパス,小早川紗枝,十時愛梨,三村かなこ 高森藍子 相葉夕美,城ヶ崎美嘉
十時愛梨,四条貴音,鷺沢文香,持田亜里沙,小早川紗枝,十時愛梨,三村かな子,城ヶ崎美嘉
渋谷 凛,持田亜里沙,鷺沢文香,七尾百合子,小早川紗枝,渋谷凛,思いつかない,城ヶ崎美嘉
渋谷凛,七尾百合子,鷺沢文香,七尾百合子,小早川紗枝,渋谷凛,思いつかない,城ヶ崎美嘉
渋谷凛,七尾百合子,鷺沢文香,秋月律子,小早川紗枝,渋谷凛,七尾百合子,城ヶ崎美嘉
渋谷凛,七尾百合子,鷺沢文香,十時愛梨,小日向美穂,渋谷凛,主にCo系の印象,城ヶ崎美嘉
渋谷凛,七尾百合子,鷺沢文香,十時愛梨,小日向美穂,渋谷凛,周りでは一ノ瀬志希や緒方智絵里が人気だった,城ヶ崎美嘉
渋谷凛,篠原礼,鷺沢文香,十時愛梨,小日向美穂,渋谷凛,十時愛梨,城ヶ崎美嘉
渋谷凛,篠原礼,鷺沢文香,十時愛梨,小日向美穂,所恵美,十時愛梨,城ヶ崎美嘉
渋谷凛,篠原礼,鷺沢文香,十時愛梨,小日向美穂,緒方智絵里,十時愛梨,城ヶ崎美嘉
渋谷凛,篠原礼,鷺沢文香,十時愛梨,小日向美穂,緒方智絵里,十時愛梨,城ヶ崎莉嘉
渋谷凛,篠原礼,鷺沢文香,十時愛梨,小日向美穂,緒方智絵里,十時愛梨,心
渋谷凛,若林智香,鷺沢文香,十時愛梨,小日向美穂,緒方智絵里,十時愛梨,新田美波
渋谷凛,十時愛梨,鷺沢文香,十時愛梨,小日向美穂,緒方智絵里,十時愛梨,新田美波
渋谷凛,十時愛梨,鷺沢文香,十時愛梨,小日向美穂,緒方智絵里,十時愛梨,新田美波
渋谷凛,十時愛梨,鷺沢文香,十時愛梨ちゃん,小日向美穂,緒方智絵里,十時愛梨,新田美波
渋谷凛,十時愛梨,鷺沢文香,渋谷凛,小日向美穂,緒方智絵里,十時愛梨,新田美波
渋谷凛,十時愛梨,鷺沢文香,渋谷凛,小日向美穂,諸星きらり,十時愛梨,新田美波
渋谷凛,十時愛梨,鷺沢文香,渋谷凛,小日向美穂,小室千奈美,十時愛梨,新田美波
渋谷凛,十時愛梨,鷺沢文香,渋谷凛,小日向美穂,小松伊吹,十時愛梨,新田美波
渋谷凛,十時愛梨,鷺沢文香,渋谷凛,小日向美穂,小早川紗枝,十時愛梨,新田美波
渋谷凛,十時愛梨,鷺沢文香,渋谷凛,小日向美穂,小早川紗枝,十時愛梨,新田美波
渋谷凛,十時愛梨,鷺沢文香,渋谷凛,小日向美穂,小早川紗枝,十時愛梨,新田美波
渋谷凛,十時愛梨,鷺沢文香,渋谷凛,小日向美穂,小早川紗枝,十時愛梨,新田美波
渋谷凛,十時愛梨,鷺沢文香,渋谷凛,小日向美穂,小早川紗枝,十時愛梨,新田美波
渋谷凛,十時愛梨,鷺沢文香,渋谷凛,松永涼,小早川紗枝,十時愛梨,新田美波
渋谷凛,十時愛梨,鷺沢文香,渋谷凛,松永涼,小早川紗枝,十時愛梨,新田美波
渋谷凛,十時愛梨,鷺沢文香,渋谷凛,松尾千鶴,小日向美穂,十時愛梨,新田美波
渋谷凛,十時愛梨,鷺沢文香,渋谷凛,松尾千鶴,小梅,十時愛梨　,新田美波
渋谷凛,十時愛梨,鷺沢文香,渋谷凛,松尾千鶴,松永涼,十時愛梨 きょこたん,新田美波
渋谷凛,十時愛梨,鷺沢文香,渋谷凛,松本沙理奈,松尾千鶴,十時愛梨、五十嵐響子、高森藍子,新田美波
渋谷凛,十時愛梨,鷺沢文香,渋谷凛,松本沙理奈,松本さりな,十時愛梨、鷺沢文香,新田美波
春日未来,十時愛梨,鷺沢文香,渋谷凛,上条春菜,松本さん,十時愛梨、城ヶ崎美嘉,新田美波
所恵美,十時愛梨,鷺沢文香,渋谷凛,上条春菜,松本沙理奈,十時愛梨、新田美波,新田美波
緒方 智絵里,十時愛梨,鷺沢文香,渋谷凛,上条春菜,松本沙理奈,十時愛理、鷺沢文香,新田美波
緒方智絵里,十時愛梨,鷺沢文香,渋谷凛,上条春菜,松本沙理奈,渋谷凛,新田美波
緒方智絵里,十時愛梨,鷺沢文香,渋谷凛,城ケ崎美嘉,松本沙理奈,渋谷凛,新田美波
緒方智絵里,十時愛梨,鷺沢文香,渋谷凛,城ヶ崎美嘉,松本沙理奈,渋谷凛,新田美波
緒方智絵里,十時愛梨,鷺沢文香,渋谷凛,城ヶ崎美嘉,松本沙理奈,渋谷凛,新田美波
緒方智絵里,十時愛梨,鷺沢文香,渋谷凛,城ヶ崎美嘉,松本沙理奈,渋谷凛,新田美波
緒方智絵里,十時愛梨,鷺沢文香,渋谷凛,城ヶ崎美嘉,松本沙理奈,渋谷凛,新田美波
緒方智絵里,十時愛梨,鷺沢文香,渋谷凛,城ヶ崎美嘉,松本沙理奈,渋谷凛,新田美波
緒方智絵里,十時愛梨,鷺沢文香,渋谷凛,城ヶ崎美嘉,松本沙理奈,渋谷凛,新田美波
緒方智絵里,十時愛梨,鷺沢文香,渋谷凛,城ヶ崎美嘉,松本沙理奈,渋谷凛,新田美波
緒方智絵里,十時愛梨,鷺沢文香,渋谷凛,城ヶ崎美嘉,松本沙理奈,渋谷凛,新田美波
緒方智絵里,十時愛梨,鷺沢文香,渋谷凛,城ヶ崎美嘉,松本沙理奈,渋谷凛,新田美波
緒方智絵里,十時愛梨,鷺沢文香,渋谷凛,城ヶ崎美嘉,松本沙理奈,渋谷凛,新田美波
緒方智絵里,十時愛梨,鷺沢文香,渋谷凛,城ヶ崎美嘉,松本沙里奈,渋谷凛,新田美波
緒方智絵里,十時愛梨,鷺沢文香,渋谷凛,城ヶ崎莉嘉,松本紗理奈,渋谷凛,新田美波、相葉夕美、浅野風香
緒方智絵里,十時愛梨,鷺沢文香,渋谷凛,城ヶ崎莉嘉,松本紗理奈,渋谷凛,真鍋いつき
緒方智絵里,十時愛梨,鷺沢文香,渋谷凛,新田さん,松本紗理奈,渋谷凛,神崎さん
緒方智絵里,十時愛梨,鷺沢文香,渋谷凛,新田美波,松本紗理奈,渋谷凛,神崎蘭子
緒方智絵里,十時愛梨,鷺沢文香,渋谷凛,新田美波,城ヶ崎ミカ,渋谷凛,神崎蘭子
緒方智絵里,十時愛梨,鷺沢文香,渋谷凛,新田美波,城ヶ崎美嘉,渋谷凛,神崎蘭子
緒方智絵里,十時愛梨,鷺沢文香,渋谷凛,新田美波,城ケ崎美嘉,渋谷凛,神崎蘭子
緒方智絵里,十時愛梨,鷺沢文香,渋谷凛,新田美波,城ヶ崎美嘉,渋谷凛,神谷奈緒
緒方智絵里,十時愛梨,鷺沢文香,渋谷凛,新田美波,城ヶ崎美嘉,渋谷凛,神谷奈緒
緒方智絵里,十時愛梨,鷺沢文香　,渋谷凛,新田美波,城ヶ崎美嘉,渋谷凛,神谷奈緒
緒方智絵里,十時愛梨,鷺沢文香 佐久間まゆ,渋谷凛,新田美波,城ヶ崎美嘉,渋谷凛,水木せーら
緒方智絵里,十時愛梨,鷺沢文香・アナスタシア・新田美波,渋谷凛,新田美波,城ヶ崎美嘉,渋谷凛,水木聖來
緒方智恵里,十時愛梨,鷺沢文香・新田美波・三船美優,渋谷凛,新田美波,城ヶ崎美嘉,渋谷凛,水木聖來
諸星きらり,十時愛梨,鷺沢文香、一ノ瀬志希、三船美優、新田美波,渋谷凛,新田美波,城ケ崎美嘉,渋谷凜,水木聖來
諸星きらり,十時愛梨,鷺沢文香、十時愛梨、橘ありす、櫻井桃華、佐々木千枝　などロリ組,渋谷凛,新田美波,城ヶ崎美嘉,緒方 智絵里,水木聖來
諸星きらり,十時愛梨,鷺沢文香、緒方智絵里,渋谷凛,新田美波,城ヶ崎美嘉,緒方 智絵里,水木聖來
諸星きらり,十時愛梨,鷺沢文香、小日向美穂、高森藍子,渋谷凛,森久保乃々,城ヶ崎美嘉,緒方、橘、五十嵐、神崎、速水、櫻井,水木聖來、藤原肇
諸星きらり,十時愛梨,鷺沢文香、城ヶ崎美嘉,渋谷凛,森久保乃々,城ケ崎美嘉,緒方ちえり,成人組
諸星きらり,渋谷凛,鷺沢文香、新田美波、高垣楓、安倍菜々、大槻唯,渋谷凜,森久保乃々,城ヶ崎美嘉,緒方智絵理,星井美希
諸星きらり,渋谷凛,鷺沢文香、新田美波、三船美優,緒方智絵理,森久保乃々,城ヶ崎美嘉,緒方智絵里,西川保奈美
諸星きらり,渋谷凛,鷺沢文香、新田美波、三船美優、塩見周子、一ノ瀬志希、神崎蘭子、星井美希、大槻唯、本田未央、乙倉悠貴、緒方智絵里、三村かな子、五十嵐響子,緒方智絵里,森久保乃々,城ヶ崎莉嘉,緒方智絵里,斉藤洋子
諸星きらり,渋谷凛,鷺沢文香、大槻唯,緒方智絵里,森久保乃々,新田さん,緒方智絵里,斉藤洋子
諸星きらり,渋谷凛,鷺沢文香、大槻唯、佐久間まゆ,緒方智絵里,森久保乃々,新田さん,緒方智絵里,赤城みりあ
諸星きらり,渋谷凛,鷺沢文香さん,緒方智絵里,森久保乃々,新田みなみ,緒方智絵里,赤城みりあ
諸星きらり,渋谷凛,鷺沢文香さん,緒方智絵里,森久保乃々,新田美波,緒方智絵里,赤城みりあ
小関 麗奈,渋谷凛,鷺沢文香さん,緒方智絵里,森久保乃々,新田美波,緒方智絵里,仙崎恵磨
小関麗奈,渋谷凜,鷺沢文香ちゃん,緒方智絵里、橘ありす,森久保乃々,新田美波,緒方智絵里,仙崎恵磨
小関麗奈,所恵美,鷺沢文香とか新田美波とか三船美優とか大槻唯,諸星きらり,真鍋いつき,新田美波,緒方智絵里,川島さん
小関麗奈,緒方,鷺沢文香新田美波,諸星きらり,神崎蘭子,新田美波,緒方智絵里,川島さん
小関麗奈,緒方 智絵里,鷺澤文香,諸星きらり,神崎蘭子,新田美波,緒方智絵里,川島さんや楓 奏 
小早川紗枝,緒方智絵里,桜守歌織,諸星きらり、松永涼,神崎蘭子,新田美波,緒方智絵里,川島瑞希
小早川紗枝,緒方智絵里,三船,小早川紗枝,神崎蘭子,新田美波,緒方智絵里,川島瑞樹
小早川紗枝,緒方智絵里,三船美優,小早川紗枝,神崎蘭子,新田美波,緒方智絵里,川島瑞樹
小早川紗枝,緒方智絵里,三船美優,小早川紗枝、佐久間まゆ、相葉夕美、八神マキノ,神崎蘭子,新田美波,緒方智絵里,川島瑞樹
小早川紗枝,緒方智絵里,三船美優,小日向美穂,神谷奈緒,新田美波,緒方智絵里,川島瑞樹
小早川紗枝,緒方智絵里,三船美優,小日向美穂,神谷奈緒,新田美波,緒方智絵里,川島瑞樹
小早川紗枝,緒方智絵里,三船美優,小日向美穂,神谷奈緒,新田美波,緒方智絵里,川島瑞樹
小早川紗枝,緒方智絵里,三船美優,小日向美穂,神谷奈緒,新田美波,緒方智絵里,川島瑞樹
小日向 美穂,諸星きらり,三船美優,小日向美穂,神谷奈緒,新田美波,緒方智絵里,川島瑞樹
小日向美穂,小関麗奈,三船美優,松永涼,神谷奈緒,新田美波,緒方智絵里,川島瑞樹
小日向美穂,小松伊吹,三船美優,松永涼,神谷奈緒,新田美波,緒方智絵里,川島瑞樹
小日向美穂,小松伊吹,三船美優,松永涼,神谷奈緒,新田美波,緒方智絵里,川島瑞樹
小日向美穂,小松伊吹,三船美優,松山久美子,神谷奈緒,新田美波,緒方智絵里,川島瑞樹
小日向美穂,小松伊吹,三船美優,松山久美子,神谷奈緒,新田美波,緒方智絵里,川島瑞樹
小日向美穂,小早川紗枝,三船美優,松尾千鶴,神谷奈緒,新田美波,緒方智絵里,川島瑞樹
小日向美穂,小早川紗枝,三船美優,松本沙理菜,神谷奈緒,新田美波,緒方智絵里,川島瑞樹
小日向美穂,小早川紗枝,三船美優,松本沙理奈,神谷奈緒,新田美波,緒方智絵里,川島瑞樹
小日向美穂,小早川紗枝,三船美優,松本沙理奈,神谷奈緒,新田美波,緒方智絵里,川島瑞樹
小日向美穂,小日向美穂,三船美優,松本沙理奈,神谷奈緒,新田美波,緒方智絵里,川島瑞樹
小日向美穂,小日向美穂,三船美優、新田美波,松本沙理奈,神谷奈緒,新田美波,緒方智絵里,川島瑞樹
小日向美穂,小日向美穂,三船美優さん,上原亜衣,神谷奈緒,新田美波,緒方智絵里、鷺沢文香,川島瑞樹
小日向美穂,松尾千鶴,三村かな子,上条春菜、涼宮星花(願望)、佐城雪美(願望),神谷奈緒,新田美波,緒方智絵里、小日向美穂、鷺沢文香、佐々木千枝,川島瑞樹
小日向美穂,松本さん ,三村かな子,城ヶ崎美嘉,神谷奈緒,新田美波,緒方智絵里、新田美波,川島瑞樹
小日向美穂,松本沙理奈,姉ヶ崎,城ヶ崎美嘉,神谷奈緒,新田美波,緒方智絵里、大槻唯、鷺沢文香,川島瑞樹
小日向美穂,松本沙理奈,思い付かない,城ヶ崎美嘉,神谷奈緒,新田美波,小早川紗枝,川島瑞樹
小日向美穂,松本沙理奈,七尾百合子,城ヶ崎美嘉,神谷奈緒,新田美波,小早川紗枝,川島瑞樹
小日向美穂,松本沙理奈,七尾百合子,城ヶ崎美嘉,神谷奈緒,新田美波,小早川紗枝,川島瑞樹
小日向美穂,松本沙理奈,七尾百合子,城ヶ崎美嘉,神谷奈緒,新田美波,小早川紗枝,川島瑞樹
小日向美穂,松本沙理奈,十時,城ヶ崎美嘉,神谷奈緒,新田美波,小日向 美穂,川島瑞樹
小日向美穂,松本沙理奈,十時愛梨,城ヶ崎美嘉,神谷奈緒,新田美波,小日向美穂,川島瑞樹
小日向美穂,松本沙理奈,十時愛梨,城ヶ崎美嘉,仁奈,新田美波,小日向美穂,川島瑞樹
小日向美穂,松本沙理奈,十時愛梨,城ヶ崎美嘉,水本ゆかり,新田美波,小日向美穂,川島瑞樹
小日向美穂,松本沙理奈,十時愛梨,城ヶ崎美嘉,水本ゆかり,新田美波,小日向美穂,川島瑞樹
小日向美穂,松本沙理奈,十時愛梨,城ヶ崎美嘉,水本ゆかり,新田美波,小日向美穂,川島瑞樹  小松伊吹  塩見周子
小日向美穂,松本沙理奈,十時愛梨,城ヶ崎美嘉,水本ゆかり,新田美波,小日向美穂,浅野風香
小日向美穂,松本沙理奈,十時愛梨,城ケ崎美嘉,水本ゆかり,新田美波,小日向美穂,前川みく
松永涼,松本沙理奈,十時愛梨,城ヶ崎美嘉,水本ゆかり,新田美波,小日向美穂,前川みく
松山久美子,松本沙理奈,十時愛梨,城ヶ崎美嘉,水本ゆかり,新田美波,小日向美穂,前川みく
松山久美子,松本沙理奈,十時愛梨,城ヶ崎美嘉,水本ゆかり,新田美波,松本沙理奈,前川みく
松尾千鶴,松本沙理奈,十時愛梨,城ヶ崎美嘉,水本ゆかり,新田美波,松本沙理奈,前川みく
松尾千鶴,松本沙理奈,十時愛梨,城ヶ崎美嘉,水本ゆかり,新田美波,城ヶ崎美嘉,前川みく
松本沙理奈,松本沙理奈,十時愛梨,城ヶ崎美嘉,水木聖來,新田美波,城ヶ崎美嘉,前川みく
上条春菜,松本沙理奈さん,十時愛梨,城ヶ崎美嘉,水木聖來,新田美波,城ヶ崎美嘉,前川みく
上条春菜,松本紗理奈,十時愛梨,城ヶ崎美嘉,水木聖來,新田美波,城ヶ崎美嘉,前川みく
上条春菜,松本紗理奈,十時愛梨,城ヶ崎美嘉,水木聖來,新田美波,城ヶ崎美嘉,前川みく 佐藤心
上条春菜,松本紗里奈,十時愛梨,城ヶ崎美嘉,星井美希,新田美波,城ヶ崎美嘉,前川みく、島村卯月
上条春菜,松本理沙,十時愛梨,城ヶ崎美嘉,星井美希,新田美波,城ヶ崎美嘉,全員
上条春菜,上条春菜(一見そう見えないのも良い),十時愛梨,城ヶ崎美嘉,星井美希,新田美波,城ヶ崎美嘉,双葉杏
上条春菜,城ヶ崎美嘉,十時愛梨,城ヶ崎美嘉,星輝子,新田美波,城ヶ崎美嘉,奏
上条春菜,城ヶ崎美嘉,十時愛梨,城ヶ崎美嘉,星輝子,新田美波,城ヶ崎美嘉,奏、
上条春菜,城ヶ崎美嘉,十時愛梨,城ヶ崎美嘉,星輝子,新田美波,城ヶ崎美嘉,奏さんとか
上条春菜,城ヶ崎美嘉,十時愛梨,城ヶ崎美嘉,星輝子,新田美波,城ヶ崎美嘉,早坂美玲
上条春菜,城ヶ崎美嘉,十時愛梨,城ヶ崎美嘉,星輝子,新田美波,城ヶ崎美嘉,相川千夏
城ヶ崎美嘉,城ヶ崎美嘉,十時愛梨,城ヶ崎美嘉,星輝子,新田美波,城ケ崎美嘉,相馬なつみ
城ヶ崎美嘉,城ヶ崎美嘉,十時愛梨,城ヶ崎美嘉,星輝子,新田美波,城ヶ崎美嘉,相馬夏美
城ヶ崎美嘉,城ヶ崎美嘉,十時愛梨,城ヶ崎美嘉,星輝子,新田美波,城ヶ崎美嘉,相葉由美
城ヶ崎美嘉,城ヶ崎美嘉,十時愛梨,城ヶ崎美嘉,星輝子,新田美波,城ヶ崎美嘉,相葉夕美
城ヶ崎美嘉,城ヶ崎美嘉,十時愛梨,城ヶ崎美嘉,星輝子,新田美波,城ヶ崎美嘉,相葉夕美
城ヶ崎美嘉,城ヶ崎美嘉,十時愛梨,城ヶ崎美嘉,星輝子,新田美波,城ヶ崎美嘉,相葉夕美
城ヶ崎美嘉,城ヶ崎美嘉,十時愛梨,城ヶ崎美嘉,西園寺琴歌,新田美波,城ヶ崎美嘉,相葉夕美
城ヶ崎美嘉,城ヶ崎美嘉,十時愛梨、鷺沢文香,新田美波,西島櫂,新田美波,城ヶ崎美嘉,相葉夕美
城ヶ崎莉嘉,城ヶ崎美嘉,十時愛梨、神崎蘭子、鷺沢文香,新田美波,斉藤洋子,新田美波,城ヶ崎美嘉,相葉夕美
城ヶ崎莉嘉,城ヶ崎美嘉,十時愛梨と新田美波,新田美波,斉藤洋子,新田美波,城ヶ崎美嘉,相葉夕美
城ヶ崎莉嘉,城ヶ崎美嘉,渋谷凛,新田美波,赤城みりあ,新田美波,城ヶ崎美嘉,相葉夕美
城ヶ崎莉嘉　,城ヶ崎美嘉,渋谷凛,新田美波,赤城みりあ,新田美波,新田,相葉夕美
新田美波,城ヶ崎美嘉,渋谷凛,新田美波,赤城みりあ,新田美波,新田さん,相葉夕美
新田美波,城ヶ崎美嘉,渋谷凛,新田美波,仙崎恵磨,新田美波,新田みなみ,相葉夕美 高垣楓 財前時子
新田美波,城ヶ崎美嘉,渋谷凛,新田美波,仙崎恵磨,新田美波,新田美波,総選挙圏外のアイドル
新田美波,城ヶ崎美嘉,渋谷凛,新田美波,仙崎恵磨,新田美波,新田美波,速水 奏
新田美波,城ヶ崎美嘉,渋谷凛,新田美波,川島瑞樹,新田美波,新田美波,速水奏
新田美波,城ヶ崎美嘉,渋谷凛,新田美波,川島瑞樹,新田美波,新田美波,速水奏
新田美波,城ヶ崎美嘉,渋谷凛,新田美波,川島瑞樹,新田美波,新田美波,速水奏
新田美波,城ヶ崎莉嘉,渋谷凛,新田美波,川島瑞樹,新田美波,新田美波,速水奏
新田美波,城ケ崎莉嘉,渋谷凛,新田美波,川島瑞樹,新田美波,新田美波,速水奏
新田美波,城ヶ崎莉嘉,渋谷凛,新田美波,川島瑞樹,新田美波,新田美波,速水奏
新田美波,新田 美波,渋谷凛,新田美波,川島瑞樹,新田美波,新田美波,速水奏
新田美波,新田三波,渋谷凛,新田美波,川島瑞樹,新田美波,新田美波,速水奏
新田美波,新田美波,渋谷凛,新田美波,前川みく,新田美波,新田美波,速水奏
新田美波,新田美波,渋谷凛,新田美波,前川みく,新田美波,新田美波,速水奏
新田美波,新田美波,渋谷凛,新田美波,前川みく,新田美波,新田美波,速水奏
新田美波,新田美波,渋谷凛,新田美波,前川みく,新田美波,新田美波,速水奏
新田美波,新田美波,渋谷凛,新田美波,前川みく,新田美波,新田美波,速水奏
新田美波,新田美波,渋谷凛,新田美波,前川みく,新田美波。性的に魅力的との意味で。,新田美波,速水奏
新田美波,新田美波,渋谷凛,新田美波,前川みく,森久保乃々,新田美波,速水奏
新田美波,新田美波,渋谷凛,新田美波,前川みく,真鍋いつき,新田美波,速水奏
新田美波,新田美波,渋谷凛,新田美波,前川みく,神崎蘭子,新田美波,速水奏
新田美波,新田美波,渋谷凛,新田美波,前川みく,神崎蘭子,新田美波,速水奏
新田美波,新田美波,渋谷凛,新田美波,前川みく,神崎蘭子,新田美波,速水奏
新田美波,新田美波,渋谷凛,新田美波,前川みく,神谷奈緒,新田美波,速水奏
森久保乃々,新田美波,渋谷凛,新田美波,前川みく,神谷奈緒,新田美波,速水奏
森久保乃々,新田美波,渋谷凛,新田美波,前川みく,神谷奈緒,新田美波,速水奏
森久保乃々,新田美波,渋谷凛,新田美波,双海真美,神谷奈緒,新田美波,速水奏
森久保乃々,新田美波,渋谷凛,新田美波,双葉杏,神谷奈緒,新田美波,速水奏
森久保乃々,新田美波,渋谷凛,新田美波,双葉杏,神谷奈緒,新田美波,速水奏
森久保乃々,新田美波,渋谷凛,新田美波,双葉杏,神谷奈緒,新田美波,速水奏
森久保乃々,新田美波,渋谷凛、北条加蓮、鷺沢文香,新田美波,双葉杏,神谷奈緒,新田美波,速水奏
森久保乃々,新田美波,渋谷凜,新田美波,双葉杏,神谷奈緒,新田美波,速水奏
森久保乃々,新田美波,渋谷凜,新田美波,双葉杏,神谷奈緒,新田美波,速水奏
森久保乃々,新田美波,緒方智絵里,新田美波,双葉杏,水本ゆかり,新田美波,速水奏
森久保乃々,新田美波,緒方智絵里,新田美波,双葉杏,水本ゆかり,新田美波,速水奏
森久保乃々,新田美波,緒方智絵里,新田美波,双葉杏,水本ゆかり,新田美波,速水奏
森久保乃々,新田美波,緒方智絵里,新田美波,双葉杏,水本ゆかり,新田美波,速水奏
森久保乃々,新田美波,緒方智絵里,新田美波,双葉杏,水本ゆかり,新田美波,速水奏
森久保乃々,新田美波,緒方智絵里,新田美波,双葉杏,水木聖來,新田美波,速水奏 塩見周子 宮本フレデリカ
森久保乃々,新田美波,緒方智絵里,新田美波、一ノ瀬志希,双葉杏,杉坂海,新田美波,速水奏 宮本フレデリカ
森久保乃々,新田美波,緒方智絵里,新田美波、佐藤心、相葉夕美、塩見周子、,双葉杏,性的な目で見たことがないから分からない,新田美波,速水奏　宮本フレデリカ　
森久保乃々,新田美波,緒方智絵里,新田美波、城ヶ崎美嘉,奏,性的な目で見ない,新田美波,速水奏、塩見周子、星輝子
森久保乃々,新田美波,緒方智絵里,神崎蘭子,早坂美玲,性的に見たことがない,新田美波,多田李衣菜
森久保乃々,新田美波,緒方智絵里,神崎蘭子,早坂美玲,星井美希,新田美波,多田李衣菜
森久保乃々,新田美波,緒方智絵里,神崎蘭子,早坂美玲,西園寺琴歌,新田美波,大槻ゆい
真壁瑞希,新田美波,緒方智絵里,神谷奈緒,相川千夏,西川保奈美,新田美波,大槻唯
神崎蘭子,新田美波,緒方智絵里,水本ゆかり,相葉夕美,西川保奈美,新田美波,大槻唯
神崎蘭子,新田美波,緒方智絵里,水本ゆかり,相葉夕美,西島櫂くん,新田美波,大槻唯
神崎蘭子,新田美波,緒方智絵里,水本ゆかり,相葉夕美,斉藤洋子,新田美波,大槻唯
神崎蘭子,新田美波,緒方智絵里,水木聖來,相葉夕美,赤城みりあ,新田美波,大槻唯
神崎蘭子,新田美波,緒方智絵里,水木聖來,相葉夕美,赤城みりあ,新田美波,大槻唯
神崎蘭子,新田美波,緒方智絵里,杉坂海,相葉夕美,仙崎恵磨,新田美波,大槻唯
神崎蘭子,新田美波,緒方智絵里,星井美希,相葉夕美,千川ちひろ,新田美波,大槻唯
神崎蘭子,新田美波,緒方智絵里,星井美希,相葉夕美,川島さん,新田美波,大槻唯
神崎蘭子,新田美波,緒方智絵里,星井美希,速水奏,川島瑞樹,新田美波,大槻唯
神崎蘭子,新田美波,緒方智絵里,星輝子,速水奏,川島瑞樹,新田美波,大槻唯
神崎蘭子,新田美波,緒方智絵里,星輝子,速水奏,川島瑞樹,新田美波,大槻唯
神崎蘭子,新田美波,緒方智絵里,星輝子、真面目に答えると裕子ちゃん,速水奏,浅野風香,新田美波,大槻唯
神崎蘭子,新田美波,緒方智絵里,西川保奈美,速水奏,前川みく,新田美波,大槻唯
神崎蘭子,新田美波,緒方智絵里,西川保奈美,速水奏,前川みく,新田美波,大槻唯
神崎蘭子,新田美波,緒方智絵里,斉藤洋子,速水奏,前川みく,新田美波,大槻唯
神崎蘭子,新田美波,緒方智絵里,斉藤洋子,速水奏,前川みく,新田美波,大槻唯
神崎蘭子,新田美波,緒方智絵里,赤城みりあ,速水奏,前川みく,新田美波,大槻唯
神崎蘭子,新田美波,緒方智絵里 鷺沢文香 大槻唯,赤城みりあ,速水奏,前川みく,新田美波,大槻唯
神崎蘭子,新田美波,"緒方智絵里,鷺沢文香,十時愛梨",赤城みりあ,速水奏,前川みく,新田美波,大槻唯
神崎蘭子,新田美波,緒方智絵里、高森藍子、相葉夕美、大槻唯,赤城みりあ,速水奏,前川みく,新田美波,大槻唯
神崎蘭子,新田美波,小早川紗枝,赤城みりあ,速水奏,前川みく,新田美波　本田未央,大槻唯
神谷奈緒,新田美波,小日向美穂,赤城みりあ,速水奏,前川みく,新田美波、及川雫,大槻唯
神谷奈緒,新田美波,小日向美穂,赤城みりあ,速水奏,前川みく,新田美波、鷺沢文香,大槻唯
神谷奈緒,新田美波,小日向美穂,仙崎恵磨,速水奏,前川みく,新田美波、鷺沢文香,大槻唯
神谷奈緒,新田美波,小日向美穂,千川ちひろ,速水奏,前川みく,新田美波、鷺沢文香、赤城みりあ,大槻唯
神谷奈緒,新田美波,小日向美穂,千早,速水奏,前川みく,新田美波、松本沙理奈,大槻唯
神谷奈緒,新田美波,小日向美穂,川島 瑞樹,村松さくら,前川みく,新田美波、速水奏,大槻唯
神谷奈緒,新田美波,小日向美穂,川島さん？,村松さくら,前川みく,新田美波、島村卯月,大槻唯
神谷奈緒,新田美波,小日向美穂,川島瑞樹,村上巴,前川みく,新田美波あたりかな？,大槻唯
神谷奈緒,新田美波,小日向美穂,川島瑞樹,多田李衣菜,前川みく,森久保,大槻唯
神谷奈緒,新田美波,小日向美穂,川島瑞樹,多田李衣菜,前川みく,森久保乃々,大槻唯
神谷奈緒,新田美波,小日向美穂,川島瑞樹,多田李衣菜,前川みく,森久保乃々,大槻唯
神谷奈緒,新田美波,小日向美穂,川島瑞樹,多田李衣菜,前川みく,神崎蘭子,大槻唯
神谷奈緒,新田美波,小日向美穂,川島瑞樹,多田李衣菜,双葉杏,神崎蘭子,大槻唯
神谷奈緒,新田美波,小日向美穂,川島瑞樹,多田李衣菜,奏,神崎蘭子,大槻唯
神谷奈緒,新田美波,小日向美穂,川島瑞樹,多田李衣菜,早苗さん,神崎蘭子,大槻唯
神谷奈緒,新田美波,小日向美穂,川島瑞樹,多田李衣菜,早苗さん,神崎蘭子,大槻唯
神谷奈緒,新田美波,小日向美穂,川島瑞樹,多田李衣菜,相原雪乃,神崎蘭子,大槻唯
神谷奈緒,新田美波,小日向美穂、鷺沢文香、高森藍子,川島瑞樹,多田李衣菜,相川千夏,神崎蘭子,大槻唯
神谷奈緒,新田美波,松本沙理奈,川島瑞樹,多田李衣菜,相馬夏美,神崎蘭子,大槻唯
神谷奈緒,新田美波,上げるとキリがありませんが個人的属性別トップは佐久間まゆ 鷺沢文香 大槻唯,川島瑞樹,多田李衣菜,相葉夕美,神崎蘭子,大槻唯
神谷奈緒,新田美波,上原亜衣,川島瑞樹,多田李衣菜,相葉夕美,神崎蘭子,大槻唯
神谷奈緒,新田美波,城々崎美嘉,川島瑞樹,多田李衣菜,相葉夕美,神崎蘭子　岡田智絵里,大槻唯
神谷奈緒,新田美波,城ヶ崎美嘉,川島瑞樹,大原みちる,相葉夕美,神崎蘭子 鷺沢文香 森久保乃々,大槻唯
神谷奈緒,新田美波,城ヶ崎美嘉,川島瑞樹,大沼くるみ,相葉夕美,神崎蘭子、片桐早苗,大槻唯
神谷奈緒,新田美波,城ケ崎美嘉,川島瑞樹,大石泉,相葉夕美,神谷奈緒、荒木比奈、鷺沢文香、三船美優、佐久間まゆ、大槻唯、一ノ瀬志希、神崎蘭子、二宮飛鳥,大槻唯
水瀬伊織,新田美波,城ヶ崎美嘉,川島瑞樹,大石泉,相葉夕美ちゃん,神谷奈緒、本田未央、大槻唯,大槻唯
水瀬伊織,新田美波,城ヶ崎美嘉,川島瑞樹,大石泉,速水 奏,水本ゆかり,大槻唯
水本ゆかり,新田美波,城ヶ崎美嘉,川島瑞樹,大石泉,速水奏,水本ゆかり,大槻唯
水本ゆかり,新田美波,城ヶ崎美嘉,川島瑞樹,大石泉,速水奏,水本ゆかり,大槻唯 城ヶ崎美嘉 神谷奈緒
水本ゆかり,新田美波,城ヶ崎美嘉,川島瑞樹,大石泉,速水奏,水本ゆかり,大槻唯、三船美優、速水奏
水本ゆかり,新田美波,城ヶ崎美嘉,川島瑞樹,大槻唯,速水奏,水本ゆかり,大和、木村、市原、難波、上田
水本ゆかり,新田美波,城ヶ崎美嘉,川島瑞樹,大槻唯,速水奏,水本ゆかり,大和亜季
水本ゆかり,新田美波,城ヶ崎美嘉,川島瑞樹,大槻唯,速水奏,星井美希,鷹富士茄子
水本ゆかり,新田美波,城ヶ崎美嘉,川島瑞樹,大槻唯,速水奏,星井美希,鷹富士茄子
水本ゆかり,新田美波,城ヶ崎美嘉,川島瑞樹,大槻唯,速水奏,声付Coアイドル,沢田麻理菜
水本ゆかり,新田美波,城ヶ崎美嘉,川島瑞樹,大槻唯,速水奏,斉藤洋子,誰でも
水本ゆかり,新田美波,城ヶ崎美嘉,川島瑞樹,大槻唯,速水奏,赤城みりあ,天海春香
水本ゆかり,新田美波,城ヶ崎美嘉,川島瑞樹,大槻唯,速水奏,赤城みりあ,田中琴葉
水本ゆかり,新田美波,城ヶ崎美嘉,川島瑞樹,大槻唯,速水奏,赤城みりあ,島村卯月
水木聖來,新田美波,城ヶ崎美嘉,川島瑞樹,大槻唯,速水奏,赤城みりあ,島村卯月
水木聖來,新田美波,城ヶ崎美嘉,浅野風香,大槻唯,速水奏,赤城みりあ,島村卯月
成宮由愛,新田美波,城ヶ崎美嘉,前川 みく,大槻唯,速水奏,赤城みりあ,島村卯月
成宮由愛,新田美波,城ヶ崎美嘉,前川みく,大槻唯,速水奏,川島瑞樹,島村卯月
星井美希,新田美波,城ヶ崎美嘉,前川みく,大槻唯,速水奏,前川みく,島村卯月
星井美希,新田美波,城ヶ崎美嘉,前川みく,大和亜希,速水奏,前川みく,島村卯月
星輝子,新田美波,城ヶ崎美嘉,前川みく,大和亜季,速水奏,前川みく,島村卯月
星輝子,新田美波,城ヶ崎美嘉,前川みく,大和亜季,速水奏,前川みく,島村卯月
星輝子,新田美波,城ヶ崎美嘉,前川みく,鷹富士茄子,速水奏,前川みく,島村卯月
星輝子,新田美波,城ヶ崎美嘉,前川みく,鷹富士茄子,速水奏,前川みく,東郷あい
星輝子,新田美波,城ヶ崎美嘉,全員、誰かしらが応援してるから出番があるんでしょ,鷹富士茄子,多すぎて答えられない,前川みく,東郷あい
星輝子,新田美波,城ヶ崎美嘉,双葉杏,鷹富士茄子,多田李衣菜,前川みく,東郷あい、佐藤心
星輝子,新田美波,城ヶ崎美嘉,双葉杏,鷹富士茄子,大石泉,前川みく、大槻唯,桃井あずき
星輝子,新田美波,城ヶ崎美嘉,双葉杏,鷹富士茄子,大石泉,全員,棟方愛海
星輝子,新田美波,城ヶ崎美嘉,"双葉杏,塩見周子,佐藤心",鷹富士茄子,大石泉,双葉杏,藤原肇
星輝子,新田美波,城ヶ崎美嘉,奏,鷹富士茄子,大石泉,双葉杏,藤本里奈
星輝子,新田美波,城ヶ崎美嘉,奏,鷹富士茄子,大石泉,相葉夕美,同上
星輝子,新田美波,城ヶ崎美嘉,奏,鷹富士茄子,大石泉,相葉夕美,特になし
星輝子,新田美波,城ヶ崎美嘉,奏 楓 志希 唯,鷹富士茄子,大石泉,速水奏,特に思いつかない
星輝子,新田美波,城ヶ崎美嘉,相場夕美,鷹富士茄子,大槻 唯,速水奏,特に偏りはないと思う
星輝子,新田美波,城ヶ崎美嘉,相川千夏,智絵里,大槻唯,速水奏,特定できない
星輝子さん,新田美波,城ヶ崎美嘉,相川千夏,池袋晶葉,大槻唯,速水奏,日野茜
西園寺琴歌,新田美波,城ヶ崎美嘉・本田未央,相川千夏,中居,大槻唯,速水奏,日野茜
西園寺琴歌,新田美波,城ヶ崎莉嘉,相川千夏,中野有香,大槻唯,速水奏,馬場このみ
西園寺琴歌,新田美波,新田,相馬夏美,中野有香,大槻唯,速水奏,白坂小梅
西園寺琴歌,新田美波,新田 美波,相馬夏美さん,中野有香,大槻唯,大沼くるみ,白坂小梅
西島櫂,新田美波,新田美波,相葉夕実,中野有香,大槻唯,大沼くるみ,白鷺千聖
斉藤洋子,新田美波,新田美波,相葉夕美,中野有香,大槻唯,大人すぎなければみんな大人気では？,美城専務
赤城みりあ,新田美波,新田美波,相葉夕美,椎名法子,大槻唯,大石泉,美波
赤城みりあ,新田美波,新田美波,相葉夕美,椎名法子,大槻唯,大石泉,美優さん
赤城みりあ,新田美波,新田美波,相葉夕美,椎名法子,大槻唯,大槻唯,柊志乃
赤城みりあ,新田美波,新田美波,相葉夕美,的場梨沙,大槻唯,大槻唯,柊志乃
赤城みりあ,新田美波,新田美波,相葉夕美,天海春香,大槻唯,大槻唯,柊志乃
赤城みりあ,新田美波,新田美波,相葉夕美,天海春香,大槻唯,大槻唯,柊志乃
赤城みりあ,新田美波、三船美優,新田美波,相葉夕美,天海春香,大槻唯,大槻唯,柊志乃
赤城みりあ,新田美波、鷲沢文香、佐藤心、姫川友紀、大槻唯、本田未央、前川みく、塩見周子、城ヶ崎美嘉、城ヶ崎莉嘉、結城晴、橘ありす、櫻井桃華,新田美波,速水奏,天空橋朋花,大槻唯,大槻唯,柊志乃
赤城みりあ,神崎蘭子,新田美波,速水奏,田中摩美々,大槻唯,大槻唯,姫川友紀
赤城みりあ,神崎蘭子,新田美波,速水奏,島村卯月,大槻唯,大槻唯,姫川友紀
赤城みりあ,神崎蘭子,新田美波,速水奏,島村卯月,大槻唯,大槻唯,姫川友紀
赤城みりあ,神崎蘭子,新田美波,速水奏,島村卯月,大槻唯,大槻唯,姫川友紀
仙崎恵磨,神崎蘭子,新田美波,速水奏,島村卯月,大槻唯,大槻唯,姫川友紀
仙崎恵磨,神崎蘭子,新田美波,速水奏,島村卯月,大槻唯,大槻唯,姫川友紀
千川ちひろ,神谷奈緒,新田美波,速水奏,島村卯月,大槻唯,大槻唯,姫川友紀
川島瑞樹,神谷奈緒,新田美波,速水奏,島村卯月,大槻唯,大槻唯,姫川友紀
川島瑞樹,神谷奈緒,新田美波,速水奏,島村卯月,大槻唯,大槻唯,姫川友紀
川島瑞樹,神谷奈緒,新田美波,速水奏,島村卯月,大槻唯,大槻唯,姫川友紀
川島瑞樹,神谷奈緒,新田美波,速水奏,島村卯月,大槻唯,大槻唯,姫川友紀
川島瑞樹,神谷奈緒,新田美波,速水奏,島村卯月,大槻唯,大槻唯,姫川友紀
川島瑞樹,水本ゆかり,新田美波,速水奏,島村卯月,大槻唯,大槻唯,姫川友紀
川島瑞樹,水本ゆかり,新田美波,速水奏,島村卯月,大槻唯,大槻唯,百瀬莉緒
川島瑞樹,水本ゆかり,新田美波,速水奏,島村卯月さん,大槻唯,大槻唯,不明
川島瑞樹,水本ゆかり,新田美波,速水奏,東郷あい,大槻唯,大槻唯,不明
浅利七海,水本ゆかり,新田美波,速水奏,東郷あい,大槻唯,大槻唯,楓
浅利七海,水本ゆかり,新田美波,速水奏,東郷あい,大槻唯,大槻唯,楓
前川みく,水本ゆかり,新田美波,速水奏,東郷あい,大槻唯,大槻唯,楓さん
前川みく,水本ゆかり,新田美波,速水奏,桃井あずき,大槻唯,大槻唯,楓さん
前川みく,水本ゆかり,新田美波,速水奏,藤居朋,大槻唯,大槻唯,楓さん
前川みく,水本ゆかり,新田美波,速水奏,藤居朋,大槻唯,大槻唯,楓さん、しきにゃん、かな子
前川みく,水本ゆかり,新田美波,速水奏,藤原肇,大槻唯,大槻唯,楓さんか早苗さん
前川みく,水本ゆかり,新田美波,速水奏,藤原肇,大槻唯,大槻唯,服部瞳子
前川みく,水本ゆかり,新田美波,速水奏,藤原肇,大槻唯,大槻唯,分からない
前川みく,水本ゆかり,新田美波,速水奏,藤原肇,大槻唯,大槻唯,分からない
前川みく,水本ゆかりさん,新田美波,速水奏,藤原肇,大槻唯,大槻唯,分からない
前川みく,水木聖來,新田美波,速水奏,藤原肇,大槻唯,大槻唯,文香
前川みく,水野翠,新田美波,速水奏,藤原肇,大槻唯,大槻唯,文香
前川みく,成宮由愛,新田美波,速水奏,藤原肇,大槻唯,大槻唯,兵藤レナ
前川みく,星井美希,新田美波,速水奏,藤原肇,大槻唯ちゃん,大槻唯,兵藤レナ
前川みく,星井美希,新田美波,速水奏,藤原肇,大和亜季,大槻唯,兵藤レナや柳清良など成人越えてる子たち。
前川みく,星井美希,新田美波,速水奏,藤本里奈,大和亜季,大槻唯,並木芽衣子
前川みく,西園寺琴歌,新田美波,速水奏,藤本里奈,鷹城恭二,大槻唯,片桐早苗
前川みく,西川保奈美,新田美波,速水奏,藤本里奈,鷹富士茄子,大槻唯,片桐早苗
前川みく,西川保奈美,新田美波,速水奏,藤本里奈,鷹富士茄子,大槻唯,片桐早苗
前川みく,西川保奈美,新田美波,速水奏,道明寺歌鈴,鷹富士茄子,大槻唯,片桐早苗
双葉 杏,斉藤洋子,新田美波,速水奏,道明寺歌鈴,鷹富士茄子,大槻唯,片桐早苗
双葉 杏,斉藤洋子,新田美波,速水奏,南条光,鷹富士茄子,大槻唯,片桐早苗
双葉杏,赤城みりあ,新田美波,速水奏,南条光,鷹富士茄子,大槻唯,片桐早苗
双葉杏,赤城みりあ,新田美波,速水奏,南条光,鷹富士茄子,大槻唯,片桐早苗
双葉杏,赤西瑛梨華,新田美波,速水奏,南条光,鷹富士茄子,大槻唯,片桐早苗
双葉杏,赤西瑛梨華,新田美波,速水奏,難波笑美,沢田マリナ,大槻唯,片桐早苗、城ヶ崎美嘉、
双葉杏,赤西瑛梨華,新田美波,速水奏,二宮飛鳥,沢田麻理菜,大槻唯,包容力あるキャラ
双葉杏,赤西瑛梨華,新田美波,速水奏,二宮飛鳥,沢田麻理菜,大槻唯,北条加蓮
双葉杏,千川ちひろ,新田美波,速水奏,二宮飛鳥,誰が一番性的かというのを考えていたらもう皆性的に見えてきた,大槻唯,北条加蓮
双葉杏,川島瑞樹,新田美波,速水奏,二宮飛鳥,中井,大槻唯,北条加蓮
双葉杏,川島瑞樹,新田美波,速水奏,二宮飛鳥,中谷育,大槻唯,北条加蓮
双葉杏,川島瑞樹,新田美波,速水奏,二宮飛鳥,長島光那,大槻唯　鷺沢文香　城ヶ崎美嘉,北条加蓮
双葉杏,川嶋瑞樹,新田美波,速水奏,二宮飛鳥,的場梨沙,大槻唯　新田美波　,北条加蓮
双葉杏,浅利七海,新田美波,速水奏,二宮飛鳥,的場梨沙,大槻唯 新田美波 鷺沢文香,北条加蓮
双葉杏,前川みく,新田美波,多田李衣菜,二宮飛鳥,島村卯月,大槻唯、L.M.B.Gに多数,北条加蓮
双葉杏,前川みく,新田美波,多田李衣菜,二宮飛鳥,島村卯月,大槻唯、五十嵐響子、鷺沢文香,北条加蓮
双葉杏,前川みく,新田美波,多田李衣菜,二宮飛鳥,島村卯月,大槻唯、鷺沢文香、新田美波,北条加蓮
双葉杏,前川みく,新田美波,大沼くるみ,二宮飛鳥,島村卯月,大槻唯、城ヶ崎美嘉,北条加蓮
双葉杏,前川みく,新田美波,大人組,二宮飛鳥,島村卯月,中谷育,北条加蓮
双葉杏,前川みく,新田美波,大石泉,二宮飛鳥,島村卯月,島村卯月,北条加蓮
早坂美玲,前川みく,新田美波,大槻 唯,二宮飛鳥,島村卯月,島村卯月,北条加蓮
早坂美玲,前川みく,新田美波,大槻唯,日下部若葉,島村卯月,島村卯月,北条加蓮
早坂美玲,前川みく,新田美波,大槻唯,日下部若葉,島村卯月さん,島村卯月,北条加蓮
早坂美玲,前川みく,新田美波,大槻唯,日野茜,棟方愛海,島村卯月,北条加蓮
早坂美玲,前川みく,新田美波,大槻唯,日野茜,藤居朋,島村卯月,北条加蓮
早坂美玲,前川みく,新田美波,大槻唯,日野茜,藤原肇,島村卯月,北条加蓮
早坂美玲,前川みく,新田美波,大槻唯,日野茜,藤本里奈,島村卯月,北条加蓮さん
早坂美玲,前川みく,新田美波,大槻唯,日野茜,道明寺歌鈴,島村卯月,本田
相原雪乃,前川みく,新田美波,大槻唯,如月千早,特になし,島村卯月,本田未央
相川千夏,前川みく,新田美波,大槻唯,如月千早,特になし,島村卯月,本田未央
相葉夕美,前川みく,新田美波,大槻唯,萩原雪歩,特に無い。,島村卯月,本田未央
相葉夕美,前川みく,新田美波,大槻唯,萩原雪歩,南条光,島村卯月,本田未央
相葉夕美,前川みく,新田美波,大槻唯,白菊ほたる,難波笑美,島村卯月,本田未央
相葉夕美,前川みく,新田美波,大槻唯,白菊ほたる,二宮飛鳥,島村卯月,本田未央
相葉夕美,前川みく,新田美波 大槻唯,大槻唯,白菊ほたる,二宮飛鳥,島村卯月,本田未央
相葉夕美,全員にそのポテンシャルはあるとは思います。,新田美波 島村卯月,大槻唯,白菊ほたる,二宮飛鳥,島村卯月,本田未央
相葉夕美,双葉杏,新田美波、鷺沢文香,大槻唯,白坂小梅,二宮飛鳥,島村卯月,本田未央
相葉夕美,奏,新田美波、鷺沢文香,大槻唯,白坂小梅,二宮飛鳥,島村卯月,本田未央
相葉夕美,奏ちゃん,新田美波、鷺沢文香、本田未央、大槻唯、速水奏、城ヶ崎美嘉,大槻唯,白坂小梅,日下部若葉,島村卯月 渋谷凛 神谷奈緒 安部菜々 小日向美穂 大槻唯 城ヶ崎美嘉,本田未央
相葉夕美,早坂美玲,新田美波、十時愛梨,大槻唯,白坂小梅,白菊ほたる,島村卯月　新田美波　相葉夕美,本田未央
相葉夕美,早坂美玲,新田美波、十時愛梨、渋谷凛,大槻唯,白坂小梅,白菊ほたる,桃華、千枝など,本田未央
相葉夕美,相場夕美,新田美波、大槻唯、姫川友紀,大槻唯,白坂小梅,白坂小梅,特定できない,本田未央
相葉夕美,相場夕美,森久保乃々,大槻唯,白坂小梅,白坂小梅,二宮飛鳥,本田未央
相葉夕美,相馬夏美,森久保乃々,大槻唯,白坂小梅,白坂小梅,二宮飛鳥,本田未央
速水 奏,相馬夏美,森久保乃々,大槻唯,白坂小梅,白坂小梅,年齢若めの子,本田未央
速水奏,相葉 夕美,真壁瑞希,大槻唯,白坂小梅,白坂小梅,萩原雪歩,本田未央
速水奏,相葉夕実,神崎蘭子,大槻唯,白坂小梅,八宮めぐる,白坂小梅,本田未央
速水奏,相葉夕実,神崎蘭子,大槻唯,白坂小梅,八神マキノ,白坂小梅,本田未央
速水奏,相葉夕美,神崎蘭子,大槻唯,白坂小梅,八神マキノ,箱崎星梨花、佐久間まゆ,本田未央
速水奏,相葉夕美,神崎蘭子,大槻唯,白坂小梅,八神マキノ,八神マキノ,本田未央
速水奏,相葉夕美,神崎蘭子,大槻唯,白坂小梅,髪下ろした佐藤心,美波・美優,本田未央
速水奏,相葉夕美,神崎蘭子,大槻唯,白坂小梅,美嘉ネェ,美波、文香,本田未央 宮本フレデリカ 
速水奏,相葉夕美,神崎蘭子,大槻唯,白坂小梅,美嘉ネェ,不明,本田未央　原田美世　渋谷凛　塩見周子　新田美波　三船美優　
速水奏,相葉夕美,神崎蘭子、アナスタシア,大槻唯,白坂小梅,美波,楓さん,木村夏樹
速水奏,相葉夕美,神谷奈緒,大槻唯,白坂小梅,美波,福原舞、櫻井桃華,木村夏樹
速水奏,速水 奏,神谷奈緒,大槻唯,白坂小梅,美波,分からない,木村夏樹
速水奏,速水奏,神谷奈緒,大槻唯,白坂小梅,美優さん,分からない,木村夏樹
速水奏,速水奏,神谷奈緒,大槻唯,白鷺千聖,美優さん,文香,木村夏樹
速水奏,速水奏,神谷奈緒,大槻唯,八神マキノ,柊志乃,文香,柳瀬美由紀
速水奏,速水奏,神谷奈緒,大槻唯,八神マキノ,柊志乃,文香,唯
速水奏,速水奏,神谷奈緒、本田未央、城ヶ崎美嘉、佐久間まゆ、渋谷凛、速水奏、橘ありす、一ノ瀬志希,大槻唯,八神マキノ,柊志乃,文香,唯
村松さくら,速水奏,水本ゆかり,大槻唯,美希,柊志乃,文香,唯ちゃん
村上巴,速水奏,成宮由愛,大槻唯,美城常務(専務),柊志乃,文香,遊佐こずえ
村上巴,速水奏,星井美希,大槻唯,柊志乃,柊志乃,文香,輿水幸子
村上巴,速水奏,星輝子,大槻唯,姫川友紀,柊志乃,文香,礼さん
村上巴,速水奏,西園寺琴歌,大槻唯,姫川友紀,柊志乃さん,文香 蘭子,恋鐘
村上巴,速水奏,西園寺琴歌,大槻唯,姫川友紀,姫川友紀,文香、未央、凛、卯月、,和久井さん
多田李衣菜,速水奏,西園寺琴歌(横乳),大槻唯,姫川友紀,姫川友紀,文香(上の名前忘れた),和久井留美
多田李衣菜,速水奏,赤城みりあ,大槻唯,姫川友紀,姫川友紀,文香さん,和久井留美
多田李衣菜,速水奏,赤城みりあ,大槻唯,浜口あやめ,姫川友紀,片桐早苗,凛
多田李衣菜,速水奏,赤城みりあ,大槻唯,浜口あやめ,姫川友紀,片桐早苗,櫻井桃華
多田李衣菜,速水奏,赤城みりあ,大槻唯,浜口あやめ,姫川友紀,片桐早苗,澤田麻理菜、水木聖來
多田李衣菜,速水奏,赤城みりあ,大槻唯,舞浜歩,姫川友紀,北条加蓮,
多田李衣菜,速水奏,赤城みりあ,大槻唯,風野灯織,百瀬莉緒,北条加蓮,
多田李衣菜,速水奏,赤城みりあ,大槻唯,服部瞳子,浜川愛結奈,北条加蓮,
多田李衣菜,速水奏,赤城みりあ,大槻唯,服部瞳子,不明,北条加蓮,
多田李衣菜,速水奏,赤城みりあ,大槻唯,兵藤レナ,普段そういう風に見ることが少ないため思いつかない,本田未央,
多田李衣菜,速水奏,浅野風香,大槻唯,並木芽衣子,楓さん,本田未央,
多田李衣菜,速水奏,浅野風香,大槻唯,並木芽衣子,風見風香,本田未央,
多田李衣菜,速水奏,前川みく,大槻唯,並木芽衣子,福山舞,本田未央,
多田李衣菜,速水奏,前川みく,大槻唯,片桐早苗,福山舞,本田未央,
多田李衣菜,速水奏,前川みく,大槻唯,片桐早苗,文香,本田未央,
多田李衣菜,速水奏,前川みく,大槻唯,片桐早苗,文香,本田未央,
多田李衣菜,速水奏,前川みく,大槻唯,望月聖,文香,本田未央,
多田李衣菜,多すぎてわからない,前川みく、白坂小梅,大槻唯,北見柚子,文香さん,本田未央,
多田李衣菜,多田李衣菜,全員、誰かしらが応援してるから出番があるんでしょ,大槻唯,北条加蓮,兵藤レナ,本田未央,
多田李衣菜,多田李衣菜,全員満遍なく好きそう,大槻唯,北条加蓮,兵藤レナ,本田未央,
多田李衣菜,大沼くるみ,双葉杏,大槻唯,北条加蓮,兵藤レナ,本田未央,
多田李衣菜,大沼くるみ,双葉杏,大槻唯,北条加蓮,兵藤レナ,本田未央,
多田李衣菜,大石泉,双葉杏,大槻唯,北条加蓮,兵藤レナ,本田未央,
大原みちる,大槻 唯,双葉杏,大槻唯,北条加蓮,兵藤レナ,本田未央,
大原みちる,大槻唯,双葉杏,大槻唯、所恵美、鷺沢文香,北条加蓮,兵藤レナ,本田未央,
大原みちる,大槻唯,相葉夕美,大和亜季,北条加蓮,兵藤レナ,本田未央,
大原みちる,大槻唯,相葉夕美,鷹富士茄子,北条加蓮,兵藤レナ,本田未央,
大原みちる,大槻唯,相葉夕美,鷹富士茄子,北条加蓮,兵藤レナ,本田未央,
大崎甜花,大槻唯,相葉夕美,鷹富士茄子,北条加蓮,片桐早苗,本田未央,
大沼くるみ,大槻唯,相葉夕美,鷹富士茄子さん,北条加蓮,片桐早苗,本田未央,
大沼くるみ,大槻唯,相葉夕美,知らない,北条加蓮,片桐早苗,本田未央,
大神環,大槻唯,相葉夕美,知らん,北条加蓮,片桐早苗,本田未央,
大石泉,大槻唯,相葉夕美,知らん,北条加蓮,片桐早苗,本田未央,
大石泉,大槻唯,相葉夕美,知らん。,北条加蓮,片桐早苗,本田未央,
大石泉,大槻唯,速水奏,知りません,北条加蓮,片桐早苗,本田未央、鷺沢文香,
大石泉,大槻唯,速水奏,知るか,北条加蓮,片桐早苗,本読んでる人,
大石泉,大槻唯,速水奏,智絵里,北条加蓮,片桐早苗,唯,
大石泉,大槻唯,速水奏,的場梨沙,北条加蓮,片桐早苗,唯ちゃん,
大石泉,大槻唯,速水奏,的場梨沙,北条加蓮,北条加蓮,輿水幸子,
大石泉,大槻唯,速水奏,島村 卯月,北川真尋,北条加蓮,龍崎薫,
大槻唯,大槻唯,速水奏,島村卯月,北沢志保,北条加蓮,龍崎薫,
大槻唯,大槻唯,速水奏,島村卯月,北沢志保,堀裕子,鷲沢文香,
大槻唯,大槻唯,速水奏,島村卯月,堀裕子,堀裕子,鷲沢文香,
大槻唯,大槻唯,速水奏,島村卯月,堀裕子,堀裕子,鷲沢文香,
大槻唯,大槻唯,速水奏,島村卯月,堀裕子,堀裕子、三船美優、大槻唯,鷲沢文香,
大槻唯,大槻唯,速水奏,島村卯月,堀裕子,本田未央,鷲沢文香,
大槻唯,大槻唯,速水奏,島村卯月,堀裕子,本田未央,凛ちゃんとか,
大槻唯,大槻唯,速水奏,島村卯月,堀裕子,本田未央,櫻井桃華,
大槻唯,大槻唯,速水奏、高垣楓、渋谷凛、鷺沢文香,島村卯月,本田未央,本田未央,櫻井桃華,
大槻唯,大槻唯,大崎甜花,島村卯月,本田未央,本田未央,櫻井桃華,
鷹不二茄子,大槻唯,大石泉,島村卯月,本田未央,本田未央,櫻井桃華,
鷹富士茄子,大槻唯,大槻 唯,島村卯月,本田未央,本田未央,櫻井桃華,
鷹富士茄子,大槻唯,大槻唯,島村卯月,本田未央,本田未央,櫻井桃華,
鷹富士茄子,大槻唯,大槻唯,島村卯月,本田未央,本田未央,澁谷凛,
鷹富士茄子,大槻唯,大槻唯,島村卯月,本田未央,本田未央,,
鷹富士茄子,大槻唯,大槻唯,島村卯月,本田未央,本田未央,,
鷹富士茄子,大槻唯,大槻唯,島村卯月,本田未央,本田未央,,
鷹富士茄子,大槻唯,大槻唯,島村卯月,本田未央,本田未央,,
鷹富士茄子,大槻唯,大槻唯,島村卯月,本田未央,本田未央 ,,
鷹富士茄子ちゃん,大槻唯,大槻唯,島村卯月,本田未央,本田未央。,,
丹羽仁美,大槻唯,大槻唯,島村卯月,本田未央,槙原志保,,
丹羽仁美,大槻唯,大槻唯,島村卯月,未央,未央,,
池袋晶葉,大槻唯,大槻唯,島村卯月,木村夏樹,木村夏樹,,
池袋晶葉,大槻唯,大槻唯,島村卯月,木村夏樹,木村夏樹,,
池袋晶葉,大槻唯,大槻唯,島村卯月,木村夏樹,勿論ふみふみ,,
池袋晶葉,大槻唯,大槻唯,島村卯月,木村夏樹,勿論ふみふみ,,
中野有香,大槻唯,大槻唯,島村卯月、宮本フレデリカ、神崎蘭子、渋谷凛、高垣楓、本田未央、高森藍子、大槻唯、安部菜々,木村夏樹,輿水幸子,,
中野有香,大槻唯,大槻唯,島村卯月、高垣楓,木村夏樹,輿水幸子,,
中野有香,大槻唯,大槻唯,東郷あい,木村夏樹,輿水幸子,,
長富蓮実,大槻唯,大槻唯,桃井あずき,木村夏樹,楊菲菲,,
長富蓮実,大槻唯,大槻唯,藤井朋,幽谷霧子,龍崎薫,,
椎名法子,大槻唯,大槻唯,藤居朋。,遊佐こずえ,和久井留美,,
椎名法子,大槻唯,大槻唯,藤原肇,遊佐こずえ,和久井留美,,
椎名法子,大槻唯,大槻唯,藤本里奈,輿水幸子,脇山珠美,,
椎名法子,大槻唯,大槻唯,藤本里奈,輿水幸子,櫻井桃華,,
椎名法子,大槻唯,大槻唯,藤本里奈,輿水幸子,櫻井桃華,,
的場梨沙,大槻唯,大槻唯,藤本里奈,輿水幸子,,,
的場梨沙,大槻唯,大槻唯,藤本里奈,輿水幸子,,,
的場梨沙,大槻唯,大槻唯,特になし,輿水幸子,,,
的場梨沙,大槻唯,大槻唯,特に無し,輿水幸子,,,
的場梨沙,大槻唯,大槻唯,難波笑美,輿水幸子,,,
的場梨沙,大槻唯,大槻唯,二宮飛鳥,輿水幸子,,,
的場梨沙,大槻唯,大槻唯,二宮飛鳥,輿水幸子,,,
天海春香,大槻唯,大槻唯,二宮飛鳥,輿水幸子,,,
天海春香,大槻唯,大槻唯,二宮飛鳥,輿水幸子,,,
田中琴葉,大槻唯,大槻唯,日野茜,輿水幸子,,,
土屋亜子,大槻唯,大槻唯,萩原雪歩,輿水幸子,,,
土屋亜子,大槻唯,大槻唯,白菊ほたる,輿水幸子,,,
島村卯月,大槻唯,大槻唯,白菊ほたる・渋谷凛,輿水幸子,,,
島村卯月,大槻唯,大槻唯,白坂小梅,李衣菜,,,
島村卯月,大槻唯,大槻唯,白坂小梅,龍崎薫,,,
島村卯月,大槻唯,大槻唯,非童貞のやつの気持ちなぞわかるか,龍崎薫,,,
島村卯月,大槻唯,大槻唯,非童貞の気持ちなぞわからない,和久井留美,,,
島村卯月,大槻唯,大槻唯,非童貞の思考がわからない,和久井留美,,,
島村卯月,大槻唯,大槻唯,非童貞はデレマス関連のコンテンツに関わってないかと思います,和久井留美,,,
島村卯月,大槻唯,大槻唯,柊志乃,和久井留美,,,
島村卯月,大槻唯,大槻唯,柊志乃,和久井留美,,,
島村卯月,大槻唯,大槻唯,姫川友紀,和久井留美,,,
島村卯月,大槻唯ちゃん,大槻唯,姫川友紀,和久井留美,,,
島村卯月,大槻唯ちゃん,大槻唯,姫川友紀,和久井留美,,,
島村卯月,大和亜季,大槻唯,姫川友紀,脇山珠美,,,
島村卯月,大和亜季,大槻唯,姫川友紀,脇山珠美,,,
島村卯月,大和亜季,大槻唯,姫川友紀,脇山珠美,,,
島村卯月,大和亜季,大槻唯,姫川友紀,脇山珠美,,,
島村卯月,鷹富士茄子,大槻唯,百瀬莉緒,脇山珠美,,,
島村卯月,鷹富士茄子,大槻唯,浜川愛結奈,脇山珠美,,,
東郷あい,鷹富士茄子,大槻唯,浜川愛結奈、衛藤美紗希,櫻井桃華,,,
東郷あい,鷹富士茄子,大槻唯,不明,櫻井桃華,,,
東郷あい,鷹富士茄子,大槻唯,楓,櫻井桃華,,,
東郷あい,鷹富士茄子,大槻唯,楓,櫻井桃華,,,
桃井あずき,鷹富士茄子,大槻唯,楓,櫻井桃華,,,
桃井あずき,鷹富士茄子,大槻唯,楓さん,櫻井桃華,,,
桃井あずき,鷹富士茄子,大槻唯,服部瞳子,櫻井桃華,,,
棟方愛海,鷹富士茄子,大槻唯,服部瞳子,眞鍋いつき,,,
棟方愛海,鷹富士茄子,大槻唯,服部瞳子,,,,
棟方愛海,鷹富士茄子,大槻唯,分からない,,,,
棟方愛海,鷹富士茄子,大槻唯,分からない,,,,
藤居朋,担当・担当外問わず一番エロい/性的に魅力的だと思うアイドルは誰ですか？917 件の回答,大槻唯,分からない,,,,
藤原肇,中野有香,大槻唯,文香、美波、唯、奏、美優,,,,
藤原肇,椎名法子,大槻唯,兵藤レナ,,,,
藤原肇,的場梨沙,大槻唯,兵藤レナ,,,,
藤原肇,的場梨沙,大槻唯,並木芽衣子,,,,
藤原肇,的場梨沙,大槻唯,並木芽衣子、相葉夕美、東郷あい、原田美世,,,,
藤原肇,的場梨沙,大槻唯,片桐早苗,,,,
藤原肇,的場梨沙,大槻唯,片桐早苗,,,,
藤原肇,的場梨沙,大槻唯,片桐早苗,,,,
藤原肇,的場梨沙,大槻唯,片桐早苗,,,,
藤原肇,天海春香,大槻唯,片桐早苗,,,,
藤本里奈,天空橋朋花,大槻唯,片桐早苗,,,,
藤本里奈,土屋亜子,大槻唯,片桐早苗,,,,
道明寺歌鈴,島村卯月,大槻唯,片桐早苗,,,,
道明寺歌鈴,島村卯月,大槻唯,片桐早苗,,,,
道明寺歌鈴,島村卯月,大槻唯,片桐早苗,,,,
道明寺歌鈴,島村卯月,大槻唯,片桐早苗 ,,,,
道明寺歌鈴,島村卯月,大槻唯,豊川風花,,,,
道明寺歌鈴,島村卯月,大槻唯,北条加蓮,,,,
道明寺歌鈴,島村卯月,大槻唯,北条加蓮,,,,
道明寺歌鈴,島村卯月,大槻唯,北条加蓮,,,,
南条光,島村卯月,大槻唯,北条加蓮,,,,
南条光,東郷あい,大槻唯,北条加蓮,,,,
南条光,東郷あい,大槻唯,北条加蓮,,,,
南条光,桃井あずき,大槻唯,北条加蓮,,,,
南条光,桃井あずき,大槻唯,北条加蓮,,,,
南条光,藤原肇,大槻唯,北条加蓮,,,,
二宮飛鳥,藤本里奈,大槻唯,北条加蓮,,,,
二宮飛鳥,特にいない,大槻唯,北条加蓮,,,,
二宮飛鳥,特になし,大槻唯,北条加蓮,,,,
二宮飛鳥,特になし,大槻唯,北条加蓮,,,,
二宮飛鳥,特に居ない,大槻唯,北条加蓮,,,,
二宮飛鳥,二宮飛鳥,大槻唯,北条加蓮,,,,
二宮飛鳥,二宮飛鳥,大槻唯,北条加蓮,,,,
二宮飛鳥,二宮飛鳥,大槻唯,北条加蓮,,,,
二宮飛鳥,二宮飛鳥,大槻唯,北条加蓮,,,,
二宮飛鳥,二宮飛鳥,大槻唯,北条加蓮,,,,
二宮飛鳥,二宮飛鳥,大槻唯,北条加蓮,,,,
二宮飛鳥,二宮飛鳥,大槻唯,北条加蓮,,,,
二宮飛鳥,二宮飛鳥,大槻唯,北条加蓮,,,,
二宮飛鳥,二宮飛鳥,大槻唯,北条加蓮,,,,
二宮飛鳥,二宮飛鳥,大槻唯,北条加蓮,,,,
二宮飛鳥,二宮飛鳥,大槻唯,北条加蓮,,,,
二宮飛鳥,日下部若葉,大槻唯,北条加蓮,,,,
二宮飛鳥,如月千早,大槻唯,北条加蓮,,,,
二宮飛鳥,年少組はともかくそのような魅力はどのアイドルにもあると思うから一番は分からない。,大槻唯 鷺沢文香,北条加蓮,,,,
二宮飛鳥,馬場このみ,大槻唯、桜守歌織,北条加蓮,,,,
二宮飛鳥,馬場このみ,大槻唯ちゃん,堀裕子,,,,
二宮飛鳥,梅木音葉,大槻唯ちゃん,堀裕子,,,,
日下部若葉,柏木翼,鷹富士茄子,堀裕子,,,,
日下部若葉,白菊ほたる,鷹富士茄子,堀裕子,,,,
日野茜,白菊ほたる,知らん,本田,,,,
日野茜,白菊ほたる,知りません,本田未央,,,,
日野茜,白菊ほたる,智絵里,本田未央,,,,
日野茜,白菊ほたる,的場梨沙,本田未央,,,,
日野茜,白菊ほたる,田中琴葉,本田未央,,,,
日野茜,白坂小梅,田中琴葉、所恵美、大槻唯、森久保乃々、鷺沢文香、望月杏奈,本田未央,,,,
日野茜,白坂小梅,島村卯月,本田未央,,,,
日野茜,白坂小梅,島村卯月,本田未央,,,,
日野茜,白坂小梅,島村卯月,本田未央,,,,
如月千早,白坂小梅,島村卯月,本田未央,,,,
馬場このみ,白坂小梅,島村卯月,本田未央,,,,
梅木音葉,白坂小梅,島村卯月,本田未央,,,,
梅木音葉,白坂小梅,島村卯月,本田未央,,,,
梅木音葉,白坂小梅,島村卯月,本田未央,,,,
梅木音葉,白坂小梅,島村卯月,本田未央,,,,
萩原雪歩,白坂小梅,島村卯月,本田未央,,,,
萩原雪歩,白坂小梅,島村卯月,本田未央,,,,
柏木翼,白石紬,島村卯月,本田未央,,,,
白菊ほたる,八神マキノ,島村卯月,本田未央,,,,
白菊ほたる,八神マキノ,島村卯月,本田未央,,,,
白菊ほたる,美波,島村卯月,本田未央,,,,
白菊ほたる,美波,島村卯月,本田未央,,,,
白菊ほたる,柊しの,島村卯月,本田未央,,,,
白菊ほたる,柊しの,島村卯月,本田未央,,,,
白菊ほたる,柊志乃,島村卯月,本田未央,,,,
白菊ほたる,柊志乃,島村卯月,本田未央,,,,
白菊ほたる,柊志乃,島村卯月,本田未央,,,,
白坂小梅,柊志乃,島村卯月,本田未央,,,,
白坂小梅,柊志乃,島村卯月,本田未央,,,,
白坂小梅,柊志乃,島村卯月、鷺沢文香、高森藍子,本田未央,,,,
白坂小梅,柊志乃,島村卯月(あまり自信はない),本田未央,,,,
白坂小梅,柊志乃,桃華ちゃま,木場真奈美,,,,
白坂小梅,柊志乃,灯織,木村夏樹,,,,
白坂小梅,柊志乃,藤原肇,木村夏樹,,,,
白坂小梅,柊志乃さん,童貞であれば年齢帯がおおよそ女子高生くらいのアイドルでは無いかと推測します。,木村夏樹,,,,
白坂小梅,姫川友紀,二宮飛鳥,木村夏樹,,,,
白坂小梅,姫川友紀,二宮飛鳥,木村夏樹,,,,
白坂小梅,姫川友紀,萩原雪歩,木村夏樹,,,,
白坂小梅,姫川友紀,萩原雪歩,木村夏樹,,,,
白坂小梅,姫川友紀,白菊ほたる,木村夏樹,,,,
白坂小梅,百瀬莉緒,美嘉,木村夏樹,,,,
伴田路子,百瀬莉緒,美波,木村夏樹,,,,
姫川友紀,浜口あやめ,美波 アーニャ,木村夏樹,,,,
姫川友紀,浜口あやめ,姫川友紀,木村夏樹,,,,
姫川友紀,浜川愛結奈さん,姫川友紀,木村夏樹,,,,
姫川友紀,福山舞,不明,唯,,,,
姫川友紀,文香,文香,唯,,,,
姫川友紀,兵藤レナ,文香,有栖川夏葉,,,,
姫川友紀,兵藤レナ,文香,輿水幸子,,,,
姫川友紀,兵藤レナ,文香,輿水幸子,,,,
姫川友紀,兵藤レナ,文香 美波 美嘉 蘭子 まゆ 智絵里 ,輿水幸子,,,,
姫川友紀,兵藤レナ,文香、加蓮,輿水幸子,,,,
姫川友紀,兵藤レナ,文香さん,様々,,,,
浜口あやめ,兵藤レナさん,文子,竜崎薫,,,,
浜口あやめ,片桐早苗,並木芽衣子,龍崎薫,,,,
浜口あやめ,片桐早苗,片桐早苗,龍崎薫,,,,
浜口あやめ,片桐早苗,片桐早苗,龍崎薫,,,,
服部瞳子,片桐早苗,北条加蓮,和久井留美,,,,
福山舞,片桐早苗,北条加蓮,和久井留美,,,,
兵藤レナ,片桐早苗,北条加蓮,和久井留美,,,,
並木芽衣子,片桐早苗,北条加蓮,鷲沢文香,,,,
並木芽衣子,片桐早苗,北条加蓮,凛ちゃん...とか？,,,,
並木芽衣子,豊川風花,北澤文香,櫻井桃華,,,,
並木芽衣子,豊川風華,本田未央,櫻井桃華,,,,
並木芽衣子,望月聖,本田未央,櫻井桃華,,,,
並木芽衣子,望月聖,本田未央,,,,,
片桐早苗,北上麗花,本田未央,,,,,
片桐早苗,北条加蓮,本田未央,,,,,
片桐早苗,北条加蓮,本田未央,,,,,
望月杏奈,北条加蓮,本田未央,,,,,
北条加蓮,北条加蓮,本田未央,,,,,
北条加蓮,北沢志保,本田未央,,,,,
北条加蓮,堀裕子,本田未央,,,,,
北条加蓮,堀裕子,本田未央,,,,,
北条加蓮,堀裕子,本田未央,,,,,
北条加蓮,本田未央,本田未央,,,,,
北条加蓮,本田未央,本田未央,,,,,
北条加蓮,本田未央,本田未央,,,,,
北条加蓮,本田未央,本田未央,,,,,
北条加蓮,本田未央,本田未央,,,,,
北条加蓮,本田未央,本田未央,,,,,
北条加蓮,本田未央,本田未央,,,,,
北条加蓮,本田未央,本田未央,,,,,
北条加蓮,本田未央,本田未央,,,,,
北条加蓮,本田未央,本田未央,,,,,
北条加蓮,本田未央,本田未央,,,,,
北条加蓮,本田未央,本田未央,,,,,
北条加蓮,本田未央,本田未央,,,,,
北条加蓮,本田未央,本田未央,,,,,
北条加蓮,本田未央,本田未央・大槻唯,,,,,
北条加蓮,本田未央,本田未央、大槻唯、海老原菜帆、鷺沢文香、十時愛梨,,,,,
北条加蓮,本田未央,柳清良,,,,,
北条加蓮,本田未央の身体,唯,,,,,
北条加蓮,槙原志保,唯,,,,,
北条加蓮,槙原志保,唯,,,,,
北条加蓮,槙原志保,輿水幸子,,,,,
北条加蓮,無し,輿水幸子,,,,,
北条加蓮,木場真奈美,鷲沢文香,,,,,
北条加蓮,木場真奈美,鷲沢文香,,,,,
北条加蓮,木場真奈美,鷲沢文香,,,,,
北条加蓮,木場真奈美,鷲沢文香,,,,,
北条加蓮,木場真奈美,鷲沢文香,,,,,
堀裕子,木村夏樹,鷲沢文香,,,,,
堀裕子,柳清良,鷲澤文香,,,,,
堀裕子,柳清良,拗らせた童貞Pなら年少組全般のイメージ,,,,,
堀裕子,柳清良,櫻井桃華,,,,,
堀裕子,幽谷霧子,櫻井桃華,,,,,
本田未央,有浦柑奈,櫻井桃華,,,,,
本田未央,有浦柑奈,櫻井桃華,,,,,
本田未央,遊佐こずえ,櫻井桃華,,,,,
本田未央,遊佐こずえ,櫻井桃華,,,,,
本田未央,遊佐こずえ,緖方智絵里,,,,,
本田未央,遊佐こずえ,,,,,,
本田未央,輿水幸子,,,,,,
本田未央,輿水幸子,,,,,,
本田未央,輿水幸子,,,,,,
本田未央,輿水幸子,,,,,,
本田未央,蘭子ちゃん,,,,,,
本田未央,龍崎薫,,,,,,
本田未央,恋鐘,,,,,,
本田未央,和久井留美,,,,,,
本田未央,和久井留美,,,,,,
本田未央,和久井留美。,,,,,,
本田未央,鷲沢文香,,,,,,
本田未央,鷲沢文香,,,,,,
本田未央,鷲沢文香,,,,,,
木場真奈美,櫻井桃華,,,,,,
木村夏樹,櫻井桃華,,,,,,
木村夏樹,櫻井桃華,,,,,,
矢口美羽,櫻井桃華,,,,,,
矢口美羽,槇原,,,,,,
有浦柑奈,髙橋礼子,,,,,,
有浦柑奈,,,,,,,
有浦柑奈,,,,,,,
有浦柑奈,,,,,,,
遊佐こずえ,,,,,,,
遊佐こずえ,,,,,,,
遊佐こずえ,,,,,,,
遊佐こずえ,,,,,,,
遊佐こずえ,,,,,,,
遊佐こずえ,,,,,,,
輿水幸子,,,,,,,
輿水幸子,,,,,,,
輿水幸子,,,,,,,
輿水幸子,,,,,,,
輿水幸子,,,,,,,
輿水幸子,,,,,,,
輿水幸子,,,,,,,
輿水幸子,,,,,,,
輿水幸子,,,,,,,
輿水幸子,,,,,,,
輿水幸子,,,,,,,
輿水幸子,,,,,,,
輿水幸子,,,,,,,
輿水幸子,,,,,,,
輿水幸子,,,,,,,
輿水幸子,,,,,,,
蘭子ちゃん,,,,,,,
龍崎薫,,,,,,,
龍崎薫,,,,,,,
龍崎薫,,,,,,,
龍崎薫,,,,,,,
涼宮星花,,,,,,,
和久井留美,,,,,,,
脇山珠美,,,,,,,
凛,,,,,,,
櫻井桃華,,,,,,,
櫻井桃華,,,,,,,
櫻井桃華,,,,,,,
櫻井桃華,,,,,,,
櫻井桃華,,,,,,,
櫻井桃華,,,,,,,
櫻井桃華,,,,,,,
櫻井桃華,,,,,,,
櫻井桃華,,,,,,,
髙垣楓,,,,,,,