,童貞/非童貞で人気キャラの違いがあると思いますか？,貴方は童貞ですか？,年齢を教えてください,貴方の最も愛する・担当アイドルをお一人答えてください。,担当・担当外問わず一番エロい/性的に魅力的だと思うアイドルは誰ですか？,童貞Pに人気がありそうだな、と思うアイドルは誰ですか？,非童貞Pに人気がありそうだな、と思うアイドルは誰ですか？
0,ある,童貞です,10代,神崎蘭子,乙倉悠貴,十時愛梨,高垣楓
1,ない,童貞です,10代,北条加蓮,安部菜々,nan,nan
2,ない,童貞です,10代,ライラ,新田美波,鷺沢文香,藤本里奈
3,ない,童貞です,20代,相原雪乃,十時愛梨,渋谷凛,高垣楓
4,ある,童貞です,20代,小日向美穂,松本沙理奈,小日向美穂,高垣楓
5,ない,童貞です,20代,水本ゆかり,渋谷凛,大槻唯,高垣楓
6,ある,童貞です,10代,工藤忍,十時愛梨,鷺沢文香,城ヶ崎美嘉
7,ある,童貞です,10代,大石泉,大石泉,緒方智絵里,川島瑞樹
8,ある,童貞です,20代,北条加蓮,新田美波,鷺沢文香,一ノ瀬志希
9,ない,童貞です,20代,二宮飛鳥,二宮飛鳥,鷺沢文香,安部菜々
10,ある,童貞です,10代,島村卯月,大槻唯,鷺沢文香,塩見周子
11,ない,童貞です,20代,水本ゆかり,新田美波,鷺沢文香,相葉夕美
12,ある,童貞です,20代,鷺沢文香,佐々木千枝,鷺沢文香,高垣楓
13,ない,童貞です,20代,,十時愛梨,三船美優,
14,ない,童貞です,30代,鷹富士茄子,松本沙理奈,松本沙理奈,高垣楓
15,ない,童貞です,20代,浜口あやめ,本田未央,高森藍子,塩見周子
16,ない,童貞です,20代,櫻井桃華,nan,nan,nan
17,ある,童貞です,20代,宮本フレデリカ,本田未央,五十嵐響子,十時愛梨
18,ある,童貞です,30代,兵藤レナ,篠原礼,,
19,ある,童貞です,10代,川島瑞樹,新田美波,鷺沢文香,高垣楓
20,ある,童貞です,20代,鷺沢文香,鷺沢文香,鷺沢文香,塩見周子
21,ある,童貞です,20代,小日向美穂,五十嵐響子,高垣楓,兵藤レナ
22,ない,童貞です,30代,佐藤心,nan,鷺沢文香,nan
23,ある,童貞です,20代,大石泉,三船美優,鷺沢文香,高垣楓
24,ある,童貞です,20代,喜多日菜子,nan,nan,nan
25,ない,童貞です,20代,八神マキノ,速水奏,,高垣楓
26,ある,童貞です,20代,鷹富士茄子,鷺沢文香,大槻唯,一ノ瀬志希
27,ない,童貞です,20代,渋谷凛,新田美波,鷺沢文香,速水奏
28,ある,童貞です,20代,小日向美穂,小日向美穂,小日向美穂,小日向美穂
29,ある,童貞です,20代,吉岡沙紀,五十嵐響子,橘ありす,服部瞳子
30,ある,童貞です,10代,白坂小梅,結城晴,相葉夕美,
31,ある,童貞です,20代,白菊ほたる,三船美優,鷺沢文香,川島瑞樹
32,ある,童貞です,10代,森久保乃々,新田美波,鷺沢文香,相川千夏
33,ある,童貞です,20代,佐々木千枝,鷺沢文香,新田美波_鷺沢文香,斉藤洋子
34,ある,童貞です,10代,五十嵐響子,北条加蓮,新田美波,三船美優
35,ある,童貞です,20代,安部菜々,nan,鷺沢文香,川島瑞樹
36,ない,童貞です,20代,川島瑞樹,新田美波,島村卯月,佐藤心
37,ある,童貞です,20代,椎名法子,水野翠,鷺沢文香,大槻唯
38,ある,童貞です,20代,前川みく,本田未央,渋谷凛,安部菜々
39,ない,童貞です,20代,ライラ,白坂小梅,新田美波,渋谷凛
40,ある,童貞です,10代,並木芽衣子,柳清良,鷺沢文香,木村夏樹
41,ある,童貞です,40代以上,十時愛梨,十時愛梨,十時愛梨,高垣楓
42,ない,童貞です,20代,渋谷凛,赤西瑛梨華,鷺沢文香,姫川友紀
43,ある,童貞です,20代,緒方智絵里,前川みく,新田美波,小早川紗枝
44,ない,童貞です,20代,多田李衣菜,十時愛梨,佐久間まゆ,三船美優
45,ある,童貞です,30代,荒木比奈,姫川友紀,鷺沢文香,大槻唯
46,ない,童貞です,10代,乙倉悠貴,大槻唯,鷺沢文香,佐藤心
47,ある,童貞です,20代,多田李衣菜,大槻唯,大槻唯,川島瑞樹
48,ある,童貞です,20代,関裕美,的場梨沙,緒方智絵里,高垣楓
49,ある,童貞です,20代,本田未央,水本ゆかり,北条加蓮,速水奏
50,ある,童貞です,20代,,,鷺沢文香,龍崎薫
51,ある,童貞です,20代,藤原肇,高垣楓,渋谷凛,高垣楓
52,ある,童貞です,20代,上条春菜,一ノ瀬志希,速水奏,高垣楓
53,ある,童貞です,20代,北条加蓮,城ヶ崎美嘉,渋谷凛,本田未央
54,ある,童貞です,10代,神崎蘭子,新田美波,渋谷凛,高垣楓
55,ある,童貞です,30代,藤原肇,多田李衣菜,大槻唯,速水奏
56,ない,童貞です,10代,島村卯月,渋谷凛,大槻唯,神崎蘭子
57,ない,童貞です,10代,双葉杏,大槻唯,大槻唯,高垣楓
58,ある,童貞です,20代,佐久間まゆ,赤城みりあ,新田美波_十時愛梨,
59,ない,童貞です,10代,佐久間まゆ,鷺沢文香,,
60,ある,童貞です,20代,依田芳乃,依田芳乃,新田美波,nan
61,ない,童貞です,20代,小日向美穂,和久井留美,渋谷凛,塩見周子
62,ある,童貞です,20代,本田未央,本田未央,大槻唯,鷹富士茄子
63,ない,童貞です,20代,大石泉,八神マキノ,鷺沢文香,鷹富士茄子
64,ある,童貞です,20代,今井加奈,nan,前川みく,アナスタシア
65,ある,童貞です,20代,姫川友紀,橘ありす,大槻唯,速水奏
66,ない,童貞です,20代,塩見周子,nan,nan,nan
67,ある,童貞です,20代,神崎蘭子,松本沙理奈,nan,nan
68,ない,童貞です,10代,水本ゆかり,,鷺沢文香,大槻唯
69,ある,童貞です,20代,塩見周子,小日向美穂,,
70,ある,童貞です,30代,三浦あずさ,三浦あずさ,十時愛梨,速水奏
71,ない,童貞です,20代,高森藍子,大槻唯,小日向美穂,大槻唯
72,ない,童貞です,20代,的場梨沙,乙倉悠貴,鷺沢文香,佐藤心
73,ある,童貞です,20代,上条春菜,新田美波,本田未央,高垣楓
74,ある,童貞です,20代,道明寺歌鈴,水本ゆかり,大槻唯,宮本フレデリカ
75,ある,童貞です,20代,萩原雪歩,水本ゆかり,大槻唯,速水奏
76,ある,童貞です,10代,渋谷凛,,大槻唯_森久保乃々_鷺沢文香,大槻唯_鷺沢文香
77,ない,童貞です,20代,並木芽衣子,鷹富士茄子,並木芽衣子,北条加蓮
78,ある,童貞です,20代,小日向美穂,鷺沢文香,大槻唯,服部瞳子
79,ない,童貞です,10代,大槻唯,大槻唯,大槻唯,大槻唯
80,ない,童貞です,20代,速水奏,新田美波,鷺沢文香,川島瑞樹
81,ある,童貞です,20代,片桐早苗,片桐早苗,鷺沢文香,鷹富士茄子
82,ない,童貞です,20代,大槻唯,小松伊吹,三船美優,三船美優
83,ない,童貞です,20代,佐藤心,新田美波,大槻唯,塩見周子
84,ない,童貞です,20代,宮本フレデリカ,新田美波,鷺沢文香_十時愛梨_橘ありす_櫻井桃華_佐々木千枝,新田美波_佐藤心_相葉夕美_塩見周子
85,ある,童貞です,20代,海老原菜帆,海老原菜帆,本田未央_大槻唯_海老原菜帆_鷺沢文香_十時愛梨,安部菜々
86,ある,童貞です,20代,高垣楓,柳清良,鷺沢文香,速水奏
87,ある,童貞です,10代,一ノ瀬志希,佐藤心,速水奏,島村卯月
88,ある,童貞です,20代,森久保乃々,鷺沢文香,高垣楓_渋谷凛_高森藍子,宮本フレデリカ
89,ある,童貞です,20代,小日向美穂,十時愛梨,鷺沢文香,北条加蓮
90,ある,童貞です,10代,財前時子,,鷺沢文香,新田美波
91,ない,童貞です,10代,矢口美羽,三船美優,大槻唯,藤本里奈
92,ない,童貞です,20代,上条春菜,川島瑞樹,姫川友紀,高垣楓
93,ある,童貞です,10代,中野有香,,鷺沢文香,五十嵐響子
94,ある,童貞です,20代,前川みく,三船美優,鷺沢文香,城ヶ崎美嘉
95,ある,童貞です,20代,和久井留美,星井美希,鷺沢文香,新田美波
96,ある,童貞です,10代,二宮飛鳥,新田美波,橘ありす,高垣楓
97,ある,童貞です,20代,依田芳乃,城ヶ崎美嘉,鷺沢文香,赤城みりあ
98,ある,童貞です,10代,一ノ瀬志希,城ヶ崎莉嘉,鷺沢文香,藤居朋
99,ある,童貞です,20代,五十嵐響子,速水奏,渋谷凛,塩見周子
100,ない,童貞です,20代,大石泉,三船美優,鷺沢文香,新田美波
101,ない,童貞です,10代,新田美波,高橋礼子,nan,nan
102,ある,童貞です,10代,関裕美,大槻唯,本田未央,乙倉悠貴
103,ない,童貞です,10代,五十嵐響子,島村卯月,大槻唯,緒方智絵里
104,ない,童貞です,10代,一ノ瀬志希,nan,nan,nan
105,ない,童貞です,20代,松永涼,鷺沢文香,鷺沢文香,大和亜季
106,ある,童貞です,20代,西園寺琴歌,水本ゆかり,小日向美穂,姫川友紀
107,ある,童貞です,20代,佐久間まゆ,一ノ瀬志希,鷺沢文香,堀裕子
108,ある,童貞です,10代,北条加蓮,乙倉悠貴,nan,nan
109,ない,童貞です,20代,多田李衣菜,三船美優,高森藍子,喜多見柚
110,ある,童貞です,10代,新田美波,新田美波,新田美波,塩見周子
111,ない,童貞です,10代,渋谷凛,北条加蓮,緒方智絵里,本田未央
112,ある,童貞です,20代,仙崎恵磨,西川保奈美,及川雫,大沼くるみ
113,ある,童貞です,20代,二宮飛鳥,鷺沢文香,鷺沢文香,新田美波
114,ある,童貞です,10代,多田李衣菜,新田美波,塩見周子,藤原肇
115,ない,童貞です,20代,北条加蓮,一ノ瀬志希,一ノ瀬志希,新田美波
116,ある,童貞です,10代,双葉杏,早坂美玲,新田美波,安部菜々
117,ない,童貞です,20代,赤城みりあ,新田美波,城ヶ崎美嘉,宮本フレデリカ
118,ある,童貞です,20代,工藤忍,塩見周子,鷺沢文香,佐藤心
119,ある,童貞です,30代,宮本フレデリカ,及川雫,城ヶ崎美嘉,安部菜々
120,ある,童貞です,20代,小日向美穂,浜川愛結奈,鷺沢文香,渋谷凛
121,ない,童貞です,30代,矢口美羽,新田美波,新田美波,速水奏
122,ない,童貞です,20代,佐久間まゆ,佐藤心,鷺沢文香,速水奏
123,ある,童貞です,10代,的場梨沙,的場梨沙,的場梨沙,的場梨沙
124,ない,童貞です,10代,多田李衣菜,新田美波,新田美波,渋谷凛
125,ない,童貞です,10代,多田李衣菜,新田美波,新田美波,渋谷凛
126,ない,童貞です,20代,神谷奈緒,三船美優,鷺沢文香,新田美波
127,ある,童貞です,20代,乙倉悠貴,新田美波,本田未央,佐藤心
128,ない,童貞です,20代,日野茜,大槻唯,大槻唯,新田美波
129,ない,童貞です,10代,輿水幸子,菊地真,鷺沢文香,松永涼
130,ある,童貞です,20代,鷺沢文香,鷺沢文香,鷺沢文香,高垣楓
131,ない,童貞です,20代,輿水幸子,輿水幸子,大槻唯,高垣楓
132,ある,童貞です,10代,結城晴,鷺沢文香,鷺沢文香,大槻唯
133,ある,童貞です,10代,高槻やよい,我那覇響,黒川千秋,赤城みりあ
134,ある,童貞です,20代,今井加奈,三船美優,新田美波,相川千夏
135,ない,童貞です,20代,結城晴,的場梨沙,新田美波,三船美優
136,ある,童貞です,20代,関裕美,工藤忍,鷺沢文香,速水奏
137,ない,童貞です,20代,松尾千鶴,松尾千鶴,五十嵐響子,塩見周子
138,ある,童貞です,30代,大槻唯,三村かな子,速水奏,鷺沢文香
139,ない,童貞です,20代,白菊ほたる,桃井あずき,佐久間まゆ,
140,ない,童貞です,10代,赤城みりあ,乙倉悠貴,一ノ瀬志希,諸星きらり
141,ある,童貞です,20代,北条加蓮,nan,nan,nan
142,ある,童貞です,20代,工藤忍,佐久間まゆ,関裕美,鷺沢文香
143,ある,童貞です,20代,二宮飛鳥,佐藤心,緒方智絵里,三船美優
144,ある,童貞です,20代,塩見周子,高森藍子,緒方智絵里,相葉夕美
145,ない,童貞です,20代,安部菜々,安部菜々,安部菜々,安部菜々
146,ある,童貞です,20代,高森藍子,相葉夕美,鷺沢文香,松山久美子
147,ある,童貞です,20代,星輝子,神谷奈緒,新田美波,高垣楓
148,ある,童貞です,20代,鷺沢文香,城ヶ崎美嘉,相葉夕美,高垣楓
149,ある,童貞です,20代,遊佐こずえ,一ノ瀬志希,浅野風香,松永涼
150,ある,童貞です,20代,新田美波,大槻唯,緒方智絵里,木村夏樹
151,ない,童貞です,20代,南条光,三船美優,緒方智絵里,川島瑞樹
152,ある,童貞です,10代,輿水幸子,一ノ瀬志希,鷺沢文香,三船美優
153,ない,童貞です,20代,高森藍子,nan,緒方智絵里,多田李衣菜
154,ある,童貞です,20代,川島瑞樹,高橋礼子,鷺沢文香,西川保奈美
155,ある,童貞です,20代,東郷あい,高橋礼子,速水奏,三船美優
156,ある,童貞です,20代,二宮飛鳥,二宮飛鳥,鷺沢文香_大槻唯,城ヶ崎美嘉
157,ある,童貞です,30代,緒方智絵里,十時愛梨,鷺沢文香,高垣楓
158,ない,童貞です,20代,依田芳乃,白坂小梅,三船美優,島村卯月
159,ない,童貞です,20代,三好紗南,佐藤心,,
160,ない,童貞です,20代,イヴ・サンタクロース,三船美優,本田未央,川島瑞樹
161,ある,童貞です,20代,一ノ瀬志希,兵藤レナ,大槻唯,新田美波
162,ある,童貞です,20代,塩見周子,新田美波,渋谷凛,輿水幸子
163,ある,童貞です,20代,前川みく,速水奏,城ヶ崎美嘉,三船美優
164,ある,童貞です,20代,諸星きらり,及川雫,鷺沢文香,島村卯月
165,ある,童貞です,20代,梅木音葉,三船美優,鷺沢文香,本田未央
166,ない,童貞です,20代,鷺沢文香,新田美波,鷺沢文香,五十嵐響子
167,ない,童貞です,20代,関裕美,大槻唯,鷺沢文香,渋谷凛
168,ない,童貞です,20代,輿水幸子,鷺沢文香,鷺沢文香,鷺沢文香
169,ある,童貞です,20代,安部菜々,相葉夕美,鷺沢文香,本田未央
170,ある,童貞です,20代,佐久間まゆ,乙倉悠貴,城ヶ崎美嘉,白坂小梅
171,ある,童貞です,20代,藤原肇,白菊ほたる,鷺沢文香,一ノ瀬志希
172,ない,童貞です,10代,首藤葵,片桐早苗,nan,nan
173,ない,童貞です,30代,四条貴音,,新田美波,渋谷凛
174,ない,童貞です,40代以上,安部菜々,三船美優,緒方智絵里,一ノ瀬志希
175,ある,童貞です,20代,二宮飛鳥,兵藤レナ,新田美波,橘ありす
176,ある,童貞です,20代,相川千夏,木場真奈美,高垣楓,市原仁奈
177,ない,童貞です,20代,高垣楓,塩見周子,nan,nan
178,ある,童貞です,20代,森久保乃々,五十嵐響子,鷺沢文香,十時愛梨
179,ある,童貞です,20代,姫川友紀,新田美波,大槻唯,大槻唯
180,ない,童貞です,20代,土屋亜子,島村卯月,小日向美穂,大槻唯
181,ある,童貞です,20代,菊地真,,,
182,ある,童貞です,20代,鷺沢文香,松本沙理奈,鷺沢文香,
183,ある,童貞です,20代,高垣楓,五十嵐響子,櫻井桃華,木村夏樹
184,ない,童貞です,20代,赤城みりあ,大槻唯,三船美優,片桐早苗
185,ない,童貞です,20代,安部菜々,三船美優,赤城みりあ,川島瑞樹
186,ある,童貞です,10代,浜口あやめ,大槻唯,鷺沢文香,渋谷凛
187,ある,童貞です,20代,水本ゆかり,十時愛梨,鷺沢文香,塩見周子
188,ある,童貞です,20代,荒木比奈,松本沙理奈,新田美波,奥山沙織
189,ない,童貞です,20代,荒木比奈,相馬夏美,鷺沢文香,五十嵐響子
190,ない,童貞です,40代以上,海老原菜帆,nan,nan,nan
191,ある,童貞です,30代,ライラ,十時愛梨,五十嵐響子,速水奏
192,ある,童貞です,10代,喜多日菜子,三船美優,新田美波,市原仁奈
193,ない,童貞です,10代,,,萩原雪歩,
194,ある,童貞です,20代,東郷あい,小松伊吹,鷺沢文香,大槻唯
195,ある,童貞です,30代,海老原菜帆,松本沙理奈,十時愛梨,北条加蓮
196,ある,童貞です,30代,高垣楓,鷺沢文香,大槻唯,島村卯月
197,ある,童貞です,20代,森久保乃々,鷺沢文香,鷺沢文香,川島瑞樹
198,ある,童貞です,20代,依田芳乃,鷺沢文香,大槻唯,本田未央
199,ある,童貞です,10代,前川みく,姫川友紀,城ヶ崎美嘉,川島瑞樹
200,ない,童貞です,20代,結城晴,佐々木千枝,相葉夕美,高垣楓
201,ない,童貞です,10代,渋谷凛,十時愛梨,大槻唯,大槻唯
202,ない,童貞です,20代,緒方智絵里,鷺沢文香,新田美波,渋谷凛
203,ある,童貞です,10代,アナスタシア,兵藤レナ,鷺沢文香,新田美波
204,ない,童貞です,10代,遊佐こずえ,nan,新田美波,高垣楓
205,ある,童貞です,10代,白坂小梅,白坂小梅,鷺沢文香,ヘレン
206,ある,童貞です,20代,新田美波,及川雫,鷺沢文香,日野茜
207,ある,童貞です,10代,安部菜々,相葉夕美,鷺沢文香,大槻唯
208,ある,童貞です,40代以上,北条加蓮,三船美優,鷺沢文香,宮本フレデリカ
209,ある,童貞です,20代,原田美世,及川雫,鷺沢文香,大槻唯
210,ない,童貞です,20代,nan,nan,nan,nan
211,ある,童貞です,20代,多田李衣菜,島村卯月,小日向美穂,北条加蓮
212,ある,童貞です,10代,佐久間まゆ,,,
213,ない,童貞です,20代,大槻唯,新田美波,大槻唯,三船美優
214,ある,童貞です,20代,アナスタシア,三船美優,大槻唯,相馬夏美
215,ある,童貞です,20代,三船美優,三船美優,鷺沢文香,大槻唯
216,ない,童貞です,20代,西園寺琴歌,三船美優,大槻唯,島村卯月
217,ある,童貞です,10代,工藤忍,,西園寺琴歌,鷺沢文香
218,ある,童貞です,20代,橘ありす,橘ありす,五十嵐響子,大槻唯
219,ない,童貞です,10代,新田美波,三船美優,鷺沢文香,渋谷凛
220,ある,童貞です,20代,北条加蓮,大槻唯,大槻唯,本田未央
221,ある,童貞です,10代,神谷奈緒,十時愛梨,十時愛梨,高垣楓
222,ある,童貞です,10代,鷹富士茄子,鷺沢文香,鷺沢文香,高森藍子
223,ある,童貞です,10代,大石泉,本田未央,新田美波,相葉夕美
224,ある,童貞です,20代,アナスタシア,冴島清美,緒方智絵里,nan
225,ない,童貞です,20代,星輝子,浜口あやめ,鷺沢文香,塩見周子
226,ない,童貞です,20代,高森藍子,水本ゆかり,島村卯月,前川みく
227,ある,童貞です,20代,白菊ほたる,如月千早,鷺沢文香,大槻唯
228,ない,童貞です,20代,佐城雪美,原田美世,塩見周子,鷺沢文香
229,ある,童貞です,20代,日野茜,十時愛梨,塩見周子_佐藤心,安部菜々
230,ある,童貞です,30代,高垣楓,新田美波,鷺沢文香,鷺沢文香
231,ない,童貞です,20代,安部菜々,白菊ほたる,小日向美穂,大槻唯
232,ない,童貞です,20代,日下部若葉,赤西瑛梨華,鷺沢文香,一ノ瀬志希
233,ある,童貞です,30代,宮本フレデリカ,三船美優,鷺沢文香,難波笑美
234,ない,童貞です,20代,宮本フレデリカ,三船美優,鷺沢文香,大槻唯
235,ない,童貞です,20代,高垣楓,五十嵐響子,城ヶ崎美嘉,宮本フレデリカ
236,ない,童貞です,20代,二宮飛鳥,十時愛梨,鷺沢文香,島村卯月
237,ある,童貞です,10代,一ノ瀬志希,高橋礼子,新田美波,高垣楓
238,ある,童貞です,20代,高森藍子,片桐早苗,一ノ瀬志希,浜川愛結奈
239,ある,童貞です,20代,高垣楓,新田美波,北条加蓮,川島瑞樹
240,ある,童貞です,20代,椎名法子,黒川千秋,大槻唯,速水奏
241,ある,童貞です,10代,宮本フレデリカ,一ノ瀬志希,鷺沢文香,三船美優
242,ある,童貞です,20代,一ノ瀬志希,大槻唯,鷺沢文香,十時愛梨
243,ある,童貞です,20代,相葉夕美,大槻唯,大槻唯,新田美波
244,ある,童貞です,10代,西園寺琴歌,藤原肇,西園寺琴歌,西園寺琴歌
245,ない,童貞です,20代,喜多日菜子,新田美波,鷺沢文香,三船美優
246,ある,童貞です,20代,白坂小梅,白坂小梅,大槻唯,新田美波
247,ない,童貞です,10代,小早川紗枝,塩見周子,高垣楓,桃井あずき
248,ない,童貞です,20代,佐藤心,城ヶ崎美嘉,大槻唯,塩見周子
249,ある,童貞です,10代,塩見周子,三船美優,渋谷凛,速水奏
250,ない,童貞です,20代,桃井あずき,望月聖,大槻唯,高垣楓
251,ある,童貞です,20代,nan,nan,nan,nan
252,ない,童貞です,20代,大石泉,nan,鷺沢文香,高垣楓
253,ない,童貞です,20代,神谷奈緒,城ヶ崎美嘉,鷺沢文香,高垣楓
254,ない,童貞です,30代,荒木比奈,浅利七海,,
255,ある,童貞です,30代,大沼くるみ,二宮飛鳥,鷺沢文香,一ノ瀬志希
256,ない,童貞です,10代,早坂美玲,大槻唯,島村卯月,北条加蓮
257,ある,童貞です,20代,宮本フレデリカ,向井拓海,鷺沢文香,速水奏
258,ない,童貞です,20代,森久保乃々,三船美優,大槻唯,宮本フレデリカ
259,ある,童貞です,20代,二宮飛鳥,二宮飛鳥,鷺沢文香,新田美波
260,ある,童貞です,20代,諸星きらり,及川雫,森久保乃々,二宮飛鳥
261,ある,童貞です,20代,的場梨沙,佐藤心,鷺沢文香,一ノ瀬志希
262,ない,童貞です,10代,南条光,原田美世,鷺沢文香,松本沙理奈
263,ない,童貞です,20代,,新田美波,新田美波,西川保奈美
264,ない,童貞です,20代,藤原肇,十時愛梨,大槻唯,塩見周子
265,ある,童貞です,20代,遊佐こずえ,及川雫,十時愛梨,佐藤心
266,ない,童貞です,10代,城ヶ崎美嘉,三船美優,鷺沢文香,大槻唯
267,ある,童貞です,10代,塩見周子,城ヶ崎美嘉,城ヶ崎美嘉,大槻唯
268,ある,童貞です,10代,早坂美玲,新田美波,鷺沢文香,相葉夕美
269,ある,童貞です,20代,小日向美穂,十時愛梨,鷺沢文香,新田美波
270,ある,童貞です,20代,藤原肇,原田美世,三船美優,速水奏
271,ある,童貞です,10代,安部菜々,大沼くるみ,本田未央,本田未央
272,ある,童貞です,20代,梅木音葉,梅木音葉,鷺沢文香,宮本フレデリカ
273,ない,童貞です,20代,一ノ瀬志希,姫川友紀,鷹富士茄子,城ヶ崎美嘉
274,ある,童貞です,10代,渋谷凛,大槻唯,緒方智絵里,ヘレン
275,ある,童貞です,10代,姫川友紀,佐久間まゆ,新田美波_大槻唯_姫川友紀,緒方智絵里_橘ありす
276,ある,童貞です,20代,nan,nan,nan,nan
277,ある,童貞です,20代,神谷奈緒,,大槻唯,及川雫
278,ある,童貞です,20代,双葉杏,nan,nan,nan
279,ある,童貞です,20代,仙崎恵磨,十時愛梨,鷺沢文香,柊志乃
280,ない,童貞です,30代,双葉杏,赤西瑛梨華,新田美波,相馬夏美
281,ある,童貞です,20代,nan,nan,nan,nan
282,ない,童貞です,10代,白菊ほたる,二宮飛鳥,神崎蘭子,水本ゆかり
283,ある,童貞です,20代,本田未央,神谷奈緒,鷺沢文香_大槻唯_佐久間まゆ,桐生つかさ
284,ある,童貞です,30代,長富蓮実,神谷奈緒,双葉杏,松本沙理奈
285,ある,童貞です,20代,大石泉,水本ゆかり,新田美波,高垣楓
286,ある,童貞です,30代,輿水幸子,渋谷凛,鷺沢文香,大槻唯
287,ある,童貞です,10代,アナスタシア,及川雫,佐々木千枝,高垣楓
288,ある,童貞です,30代,服部瞳子,海老原菜帆,鷺沢文香,速水奏
289,ある,童貞です,20代,姫川友紀,本田未央,渋谷凛,並木芽衣子
290,ない,童貞です,20代,北条加蓮,兵藤レナ,浅野風香,服部瞳子
291,ある,童貞です,20代,高垣楓,大槻唯,鷺沢文香,前川みく
292,ない,童貞です,30代,安部菜々,前川みく,前川みく,高垣楓
293,ある,童貞です,20代,島村卯月,大槻唯,鷺沢文香,北条加蓮
294,ある,童貞です,20代,依田芳乃,槙原志保,緒方智絵里,木村夏樹
295,ある,童貞です,20代,橘ありす,nan,nan,nan
296,ある,童貞です,20代,藤原肇,鷺沢文香,大槻唯,nan
297,ある,童貞です,20代,高垣楓,三船美優,島村卯月,一ノ瀬志希
298,ある,童貞です,10代,佐城雪美,,十時愛梨_神崎蘭子_鷺沢文香,上条春菜_涼宮星花_佐城雪美
299,ない,童貞です,20代,白坂小梅,白坂小梅,,
300,ある,童貞です,30代,佐城雪美,十時愛梨,鷺沢文香,大槻唯
301,ない,童貞です,30代,緒方智絵里,前川みく,島村卯月,龍崎薫
302,ある,童貞です,20代,諸星きらり,海老原菜帆,鷺沢文香,渋谷凛
303,ない,童貞です,30代,藤本里奈,高垣楓,櫻井桃華,五十嵐響子
304,ある,童貞です,30代,高森藍子,三船美優,本田未央_大槻唯,nan
305,ない,童貞です,10代,多田李衣菜,大槻唯,大槻唯,大槻唯
306,ある,童貞です,20代,前川みく,鷺沢文香,鷺沢文香,新田美波
307,ない,童貞です,10代,白坂小梅,鷺沢文香,nan,nan
308,ない,童貞です,10代,アナスタシア,,鷺沢文香,高垣楓
309,ある,童貞です,20代,丹羽仁美,海老原菜帆,鷺沢文香,多田李衣菜
310,ない,童貞です,20代,相葉夕美,西川保奈美,nan,nan
311,ない,童貞です,20代,関裕美,四条貴音,西園寺琴歌,佐藤心
312,ない,童貞です,10代,藤原肇,小松伊吹,及川雫,水本ゆかり
313,ある,童貞です,20代,一ノ瀬志希,財前時子,鷺沢文香,宮本フレデリカ
314,ある,童貞です,20代,北条加蓮,鷺沢文香,鷺沢文香,渋谷凛
315,ない,童貞です,20代,三船美優,水本ゆかり,鷺沢文香,速水奏
316,ある,童貞です,20代,財前時子,高橋礼子,双葉杏,高垣楓
317,ない,童貞です,20代,ナターリア,大槻唯,鷺沢文香,城ヶ崎美嘉
318,ない,童貞です,20代,渋谷凛,相葉夕美,大槻唯,島村卯月
319,ある,童貞です,30代,大原みちる,nan,鷺沢文香,大槻唯
320,ある,童貞です,20代,鷺沢文香,三船美優,鷺沢文香_新田美波_高垣楓_安部菜々_大槻唯,本田未央
321,ない,童貞です,20代,渋谷凛,鷹富士茄子,三船美優,速水奏
322,ない,童貞です,20代,工藤忍,大槻唯,nan,nan
323,ない,童貞です,20代,北条加蓮,新田美波_三船美優,鷺沢文香,渋谷凛
324,ある,童貞です,20代,宮本フレデリカ,nan,鷺沢文香,渋谷凛
325,ある,童貞です,20代,鷺沢文香,十時愛梨,鷺沢文香,新田美波
326,ある,童貞です,30代,宮本フレデリカ,片桐早苗,城ヶ崎美嘉,塩見周子
327,ない,童貞です,30代,三船美優,新田美波,新田美波,大槻唯
328,ある,童貞です,20代,,,十時愛梨,佐藤心
329,ない,童貞です,10代,鷺沢文香,西川保奈美,大槻唯,佐久間まゆ
330,ある,童貞です,20代,三船美優,水本ゆかり,鷺沢文香,高垣楓
331,ない,童貞です,30代,道明寺歌鈴,鷺沢文香,城ヶ崎美嘉,本田未央
332,ある,童貞です,30代,多田李衣菜,鷺沢文香,鷺沢文香,三船美優
333,ある,童貞です,20代,神谷奈緒,大槻唯,本田未央,渋谷凛
334,ない,童貞です,20代,今井加奈,鷺沢文香,緒方智絵里,鷺沢文香
335,ある,童貞です,30代,緒方智絵里,鷺沢文香,鷺沢文香,大槻唯
336,ない,童貞です,20代,佐久間まゆ,安部菜々,鷺沢文香,宮本フレデリカ
337,ある,童貞です,10代,森久保乃々,高森藍子,大槻唯,三船美優
338,ない,童貞です,20代,関裕美,鷺沢文香,nan,nan
339,ある,童貞です,20代,我那覇響,,大槻唯,
340,ある,童貞です,20代,大槻唯,鷺沢文香,鷺沢文香,渋谷凛
341,ない,童貞です,20代,姫川友紀,大槻唯,鷺沢文香,高垣楓
342,ない,童貞です,20代,北条加蓮,新田美波,鷺沢文香,川島瑞樹
343,ない,童貞です,20代,アナスタシア,一ノ瀬志希,大槻唯,宮本フレデリカ
344,ない,童貞です,20代,水瀬伊織,星井美希,星井美希,萩原雪歩
345,ない,童貞です,20代,佐藤心,神崎蘭子,城ヶ崎美嘉_本田未央,高垣楓
346,ある,童貞です,20代,白坂小梅,白坂小梅,鷺沢文香,高垣楓
347,ある,童貞です,20代,アナスタシア,新田美波,小日向美穂,本田未央
348,ない,童貞です,20代,鷺沢文香,新田美波,渋谷凛,向井拓海
349,ある,童貞です,20代,佐久間まゆ,高垣楓,神谷奈緒,鷹富士茄子
350,ない,童貞です,20代,前川みく,三船美優,大槻唯,川島瑞樹
351,ある,童貞です,20代,新田美波,小早川紗枝,水本ゆかり,nan
352,ある,童貞です,20代,北条加蓮,nan,nan,川島瑞樹
353,ある,童貞です,20代,荒木比奈,原田美世,鷺沢文香,高垣楓
354,ある,童貞です,20代,島村卯月,,鷺沢文香,岡崎泰葉
355,ある,童貞です,10代,橘ありす,新田美波,新田美波,高垣楓
356,ない,童貞です,30代,十時愛梨,十時愛梨,鷺沢文香,高森藍子
357,ある,童貞です,20代,佐藤心,新田美波,佐久間まゆ,五十嵐響子
358,ない,童貞です,20代,高垣楓,速水奏,佐々木千枝,相葉夕美
359,ない,童貞です,30代,北条加蓮,二宮飛鳥,大槻唯,前川みく
360,ある,童貞です,20代,速水奏,大槻唯,鷺沢文香,渋谷凛
361,ある,童貞です,30代,森久保乃々,三船美優,赤城みりあ,宮本フレデリカ
362,ない,童貞です,10代,櫻井桃華,一ノ瀬志希,佐久間まゆ,星井美希
363,ある,童貞です,10代,西園寺琴歌,,鷺沢文香,島村卯月
364,ある,童貞です,20代,梅木音葉,高垣楓,本田未央,城ヶ崎美嘉
365,ある,童貞です,40代以上,佐々木千枝,城ヶ崎美嘉,城ヶ崎美嘉,大槻唯
366,ある,童貞です,20代,森久保乃々,三船美優,大槻唯,高峯のあ
367,ある,童貞です,20代,城ヶ崎莉嘉,塩見周子,十時愛梨,一ノ瀬志希
368,ある,童貞です,10代,鷹富士茄子,松本沙理奈,及川雫,和久井留美
369,ない,童貞です,20代,神崎蘭子,佐久間まゆ,新田美波,渋谷凛
370,ない,童貞です,30代,三村かな子,三船美優,速水奏,片桐早苗
371,ない,童貞です,20代,相葉夕美,大槻唯,鷺沢文香,渋谷凛
372,ない,童貞です,20代,高峯のあ,相葉夕美,,
373,ある,童貞です,20代,双葉杏,新田美波,新田美波,橘ありす
374,ない,童貞です,20代,北条加蓮,原田美世,鷺沢文香_新田美波_三船美優_大槻唯,双葉杏
375,ある,童貞です,10代,渋谷凛,高垣楓,鷺沢文香,川島瑞樹
376,ない,童貞です,20代,櫻井桃華,大槻唯,鷺沢文香,島村卯月
377,ない,童貞です,10代,速水奏,三船美優,鷺沢文香,松永涼
378,ある,童貞です,20代,三船美優,新田美波,鷺沢文香,一ノ瀬志希
379,ある,童貞です,10代,佐城雪美,一ノ瀬志希,佐久間まゆ,高垣楓
380,ある,童貞です,20代,水本ゆかり,松本沙理奈,鷺沢文香,川島瑞樹
381,ある,童貞です,20代,依田芳乃,佐々木千枝,鷺沢文香,佐藤心
382,ある,童貞です,20代,有浦柑奈,松本沙理奈,鷺沢文香,本田未央
383,ある,童貞です,20代,早坂美玲,鷺沢文香,鷺沢文香,本田未央
384,ある,童貞です,20代,椎名法子,四条貴音,鷺沢文香,渋谷凛
385,ない,童貞です,30代,福山舞,鷺沢文香,乙倉悠貴,川島瑞樹
386,ある,童貞です,10代,安部菜々,新田美波,新田美波,五十嵐響子
387,ある,童貞です,10代,高森藍子,一ノ瀬志希,鷺沢文香,本田未央
388,ある,童貞です,20代,高森藍子,速水奏,鷺沢文香,高垣楓
389,ない,童貞です,20代,森久保乃々,nan,nan,nan
390,ある,童貞です,10代,高垣楓,大槻唯,十時愛梨_新田美波,佐藤心
391,ない,童貞です,20代,二宮飛鳥,持田亜里沙,鷺沢文香,城ヶ崎美嘉
392,ある,童貞です,20代,高垣楓,鷺沢文香,大槻唯,渋谷凛
393,ある,童貞です,10代,黒川千秋,三船美優,十時愛梨,一ノ瀬志希
394,ない,童貞です,20代,江上椿,大和亜季,栗原ネネ,松本沙理奈
395,ある,童貞です,20代,高峯のあ,新田美波,鷺沢文香,高垣楓
396,ある,童貞です,20代,神崎蘭子,三船美優,新田美波,依田芳乃
397,ない,童貞です,20代,喜多見柚,木場真奈美,鷺沢文香,鷺沢文香
398,ある,童貞です,10代,神崎蘭子,新田美波,新田美波_十時愛梨_渋谷凛,新田美波
399,ある,童貞です,10代,前川みく,前川みく,島村卯月,高垣楓
400,ある,童貞です,30代,鷹富士茄子,三船美優,鷺沢文香,大槻唯
401,ある,童貞です,20代,神谷奈緒,渋谷凛,鷺沢文香,宮本フレデリカ
402,ある,童貞です,20代,佐藤心,新田美波,鷺沢文香,大槻唯
403,ない,童貞です,20代,高垣楓,三船美優,鷺沢文香,佐藤心
404,ある,童貞です,20代,双葉杏,兵藤レナ,新田美波,渋谷凛
405,ある,童貞です,20代,荒木比奈,速水奏,本田未央,nan
406,ある,童貞です,20代,道明寺歌鈴,的場梨沙,五十嵐響子,輿水幸子
407,ある,童貞です,20代,浜口あやめ,新田美波,五十嵐響子,高垣楓
408,ない,童貞です,20代,東郷あい,藤本里奈,鷺沢文香,相葉夕美
409,ある,童貞です,20代,速水奏,新田美波,十時愛梨,高垣楓
410,ある,童貞です,20代,五十嵐響子,前川みく,鷺沢文香,大槻唯
411,ある,童貞です,10代,赤城みりあ,篠原礼,渋谷凛,渋谷凛
412,ある,童貞です,20代,橘ありす,槙原志保,新田美波,島村卯月
413,ある,童貞です,10代,輿水幸子,乙倉悠貴,鷺沢文香,高垣楓
414,ない,童貞です,20代,双葉杏,新田美波,新田美波,新田美波
415,ある,童貞です,20代,姫川友紀,大槻唯,鷺沢文香,藤本里奈
416,ない,童貞です,10代,堀裕子,大槻唯,緒方智絵里,櫻井桃華
417,ない,童貞です,20代,相葉夕美,北条加蓮,nan,nan
418,ない,童貞です,20代,星輝子,城ヶ崎美嘉,鷺沢文香,北条加蓮
419,ある,童貞です,20代,双葉杏,大槻唯,大槻唯,
420,ない,童貞です,10代,佐城雪美,一ノ瀬志希,渋谷凛,高垣楓
421,ある,童貞です,20代,星輝子,大槻唯,大槻唯,大槻唯
422,ある,童貞です,20代,菊地真,島村卯月,鷺沢文香,nan
423,ある,童貞です,20代,松山久美子,鷹富士茄子,鷺沢文香,高垣楓
424,ある,童貞です,20代,緒方智絵里,新田美波,五十嵐響子,新田美波
425,ない,童貞です,10代,依田芳乃,nan,nan,nan
426,ない,童貞です,30代,新田美波,十時愛梨,鷺沢文香,三船美優
427,ある,童貞です,20代,五十嵐響子,鷹富士茄子,鷺沢文香,高垣楓
428,ある,童貞です,20代,三村かな子,十時愛梨,双葉杏,安部菜々
429,ある,童貞です,20代,,高垣楓,北条加蓮,島村卯月
430,ない,童貞です,20代,nan,前川みく,nan,nan
431,ある,童貞です,20代,川島瑞樹,片桐早苗,城ヶ崎美嘉,渋谷凛
432,ある,童貞です,10代,森久保乃々,速水奏,高垣楓_一ノ瀬志希_神崎蘭子_双葉杏_新田美波_鷺沢文香,小早川紗枝_佐久間まゆ_相葉夕美_八神マキノ
433,ない,童貞です,20代,龍崎薫,三船美優,鷺沢文香,高垣楓
434,ある,童貞です,20代,北条加蓮,nan,nan,nan
435,ある,童貞です,20代,棟方愛海,的場梨沙,一ノ瀬志希,新田美波
436,ある,童貞です,10代,大石泉,新田美波,新田美波,高垣楓
437,ある,童貞です,10代,依田芳乃,白菊ほたる,緒方智絵里,島村卯月_高垣楓
438,ない,童貞です,20代,ライラ,速水奏,鷺沢文香,高垣楓
439,ない,童貞です,20代,高森藍子,十時愛梨,,
440,ある,童貞です,10代,高垣楓,新田美波,五十嵐響子,佐藤心
441,ある,童貞です,10代,喜多日菜子,大槻唯,大槻唯,速水奏
442,ない,童貞です,20代,宮本フレデリカ,四条貴音,赤城みりあ,三村かな子
443,ある,童貞です,30代,宮本フレデリカ,塩見周子,橘ありす,高垣楓
444,ある,童貞です,20代,菊地真,小早川紗枝_塩見周子,橘ありす_鷺沢文香_新田美波_大槻唯,
445,ある,童貞です,10代,安部菜々,nan,nan,nan
446,ある,童貞です,20代,島村卯月,城ヶ崎美嘉,鷺沢文香,速水奏
447,ない,童貞です,30代,緒方智絵里,緒方智絵里,三船美優,新田美波
448,ない,童貞です,20代,四条貴音,三船美優,鷺沢文香,渋谷凛
449,ある,童貞です,10代,ルーキートレーナー,乙倉悠貴,鷺沢文香,大槻唯
450,ない,童貞です,20代,高垣楓,新田美波,高垣楓,高垣楓
451,ある,童貞です,20代,櫻井桃華,十時愛梨,大槻唯,
452,ある,童貞です,20代,小日向美穂,三船美優,nan,nan
453,ない,童貞です,20代,龍崎薫,三船美優,鷺沢文香,市原仁奈
454,ある,童貞です,20代,星輝子,高垣楓,森久保乃々,三船美優
455,ない,童貞です,20代,神谷奈緒,三船美優,大槻唯,高垣楓
456,ある,童貞です,10代,新田美波,三船美優,大槻唯,赤城みりあ
457,ある,童貞です,20代,神崎蘭子,喜多見柚,鷺沢文香,小早川紗枝
458,ある,童貞です,20代,今井加奈,三船美優,鷺沢文香,城ヶ崎美嘉
459,ある,童貞です,10代,双葉杏,大槻唯,鷺沢文香,nan
460,ある,童貞です,20代,クラリス,柊志乃,一ノ瀬志希,速水奏
461,ない,童貞です,20代,及川雫,及川雫,鷺沢文香,大槻唯
462,ある,童貞です,30代,佐々木千枝,佐々木千枝,神崎蘭子_アナスタシア,新田美波_城ヶ崎美嘉
463,ない,童貞です,20代,宮本フレデリカ,鷺沢文香,大槻唯,柊志乃
464,ない,童貞です,20代,北条加蓮,十時愛梨,小日向美穂,高垣楓
465,ある,童貞です,20代,双葉杏,新田美波,鷺沢文香,川島瑞樹
466,ある,童貞です,10代,一ノ瀬志希,佐久間まゆ,小日向美穂,本田未央
467,ない,童貞です,20代,赤城みりあ,川島瑞樹,神谷奈緒,片桐早苗
468,ない,童貞です,20代,三船美優,城ヶ崎美嘉,鷺沢文香,
469,ある,童貞です,10代,佐々木千枝,五十嵐響子,十時愛梨,安部菜々
470,ない,童貞です,20代,岡崎泰葉,白菊ほたる,大槻唯,渋谷凛
471,ある,童貞です,10代,輿水幸子,水本ゆかり,城ヶ崎美嘉,星輝子
472,ある,童貞です,20代,鷺沢文香,新田美波,新田美波,城ヶ崎美嘉
473,ない,童貞です,20代,小日向美穂,一ノ瀬志希,速水奏,本田未央
474,ある,童貞です,10代,早坂美玲,兵藤レナ,速水奏,龍崎薫
475,ある,童貞です,20代,今井加奈,今井加奈,十時愛梨,新田美波
476,ある,童貞です,20代,鷺沢文香,十時愛梨,鷺沢文香,片桐早苗
477,ある,童貞です,20代,龍崎薫,鷺沢文香,新田美波,渋谷凛
478,ある,童貞です,20代,高垣楓,柊志乃,渋谷凛,
479,ある,童貞です,20代,塩見周子,松本沙理奈,鷺沢文香,高垣楓
480,ある,童貞です,20代,水本ゆかり,鷹富士茄子,新田美波,城ヶ崎美嘉
481,ない,童貞です,20代,櫻井桃華,,鷺沢文香,速水奏
482,ない,童貞です,20代,黒川千秋,鷺沢文香,鷺沢文香,新田美波
483,ない,童貞です,10代,乙倉悠貴,新田美波,一ノ瀬志希,城ヶ崎美嘉
484,ない,童貞です,10代,アナスタシア,三船美優,城ヶ崎美嘉,橘ありす
485,ある,童貞です,20代,一ノ瀬志希,向井拓海,大槻唯,鷺沢文香
486,ない,童貞です,10代,二宮飛鳥,鷺沢文香,nan,nan
487,ない,童貞です,20代,ナターリア,姫川友紀,大槻唯,三船美優
488,ない,童貞です,20代,神谷奈緒,,財前時子,高橋礼子
489,ある,童貞です,20代,高垣楓,十時愛梨,本田未央,島村卯月
490,ある,童貞です,20代,森久保乃々,高橋礼子,新田美波,佐藤心
491,ない,童貞です,20代,鷹富士茄子,向井拓海,新田美波,水木聖來
492,ある,童貞です,10代,赤城みりあ,佐藤心,五十嵐響子,塩見周子
493,ない,童貞です,20代,堀裕子,新田美波,本田未央,
494,ない,童貞です,20代,村上巴,アナスタシア,新田美波,高垣楓
495,ない,童貞です,20代,大原みちる,桃井あずき,鷺沢文香,速水奏
496,ある,童貞です,20代,水本ゆかり,水本ゆかり,五十嵐響子,双葉杏
497,ある,童貞です,20代,水本ゆかり,緒方智絵里,緒方智絵里,nan
498,ない,童貞です,20代,喜多日菜子,冴島清美,鷺沢文香,北条加蓮
499,ある,童貞です,20代,諸星きらり,柊志乃,大槻唯,高垣楓
500,ない,童貞です,20代,高垣楓,新田美波,橘ありす,鷺沢文香
501,ある,童貞です,10代,鷹富士茄子,高垣楓,佐久間まゆ,高垣楓
502,ある,童貞です,20代,鷺沢文香,鷺沢文香,鷺沢文香_新田美波_三船美優,nan
503,ない,童貞です,20代,塩見周子,大槻唯,大槻唯,nan
504,ある,童貞です,10代,成宮由愛,鷺沢文香,鷺沢文香,城ヶ崎美嘉
505,ない,童貞です,30代,城ヶ崎美嘉,小早川紗枝,鷺沢文香,北条加蓮
506,ない,童貞です,30代,諸星きらり,緒方智絵里,三船美優,三船美優
507,ない,童貞です,10代,北条加蓮,一ノ瀬志希,大槻唯,速水奏
508,ある,童貞です,10代,小日向美穂,三船美優,三船美優_新田美波,nan
509,ある,童貞です,10代,依田芳乃,,nan,nan
510,ある,童貞です,20代,三村かな子,大槻唯,鷺沢文香,本田未央
511,ない,童貞です,10代,一ノ瀬志希,,鷺沢文香,三船美優
512,ある,童貞です,20代,姫川友紀,大槻唯,大槻唯,三船美優
513,ない,童貞です,20代,関裕美,鷹富士茄子,大槻唯,宮本フレデリカ
514,ある,童貞です,20代,高森藍子,十時愛梨,,
515,ある,童貞です,20代,川島瑞樹,神崎蘭子,鷺沢文香,城ヶ崎美嘉
516,ある,童貞です,20代,星井美希,,,
517,ある,童貞です,20代,荒木比奈,柊志乃,鷺沢文香_新田美波_三船美優,仙崎恵磨
518,ある,童貞です,20代,nan,nan,nan,nan
519,ある,童貞です,20代,高垣楓,,渋谷凛,島村卯月
520,ある,童貞です,20代,高垣楓,佐久間まゆ,鷺沢文香,大槻唯
521,ある,童貞です,10代,多田李衣菜,水木聖來,渋谷凛_北条加蓮_鷺沢文香,新田美波_一ノ瀬志希
522,ない,童貞です,20代,三村かな子,三船美優,島村卯月_三村かな子_高森藍子,向井拓海
523,ある,童貞です,20代,鷺沢文香,速水奏,鷺沢文香,緒方智絵里
524,ない,童貞です,20代,白菊ほたる,白菊ほたる,速水奏,塩見周子
525,ない,童貞です,20代,乙倉悠貴,,nan,nan
526,ある,童貞です,20代,乙倉悠貴,高橋礼子,大槻唯,新田美波
527,ある,童貞です,30代,緒方智絵里,鷺沢文香,前川みく,大槻唯
528,ある,童貞です,20代,安斎都,乙倉悠貴,大槻唯,新田美波
529,ある,童貞です,20代,北条加蓮,城ヶ崎美嘉,大槻唯,高垣楓
530,ある,童貞です,20代,新田美波,十時愛梨,鷺沢文香,塩見周子
531,ある,童貞です,10代,前川みく,一ノ瀬志希,城ヶ崎美嘉,島村卯月
532,ある,童貞です,10代,高森藍子,緒方智絵里,緒方智絵里,nan
533,ある,童貞です,30代,安部菜々,二宮飛鳥,二宮飛鳥,大槻唯
534,ある,童貞です,20代,星輝子,安部菜々,白菊ほたる,原田美世
535,ある,童貞です,20代,緒方智絵里,鷺沢文香,本田未央,一ノ瀬志希
536,ない,童貞です,10代,双葉杏,,nan,nan
537,ある,童貞です,20代,佐久間まゆ,新田美波,高森藍子,渋谷凛
538,ない,童貞です,20代,諸星きらり,新田美波_鷺沢文香_佐藤心_姫川友紀_大槻唯_本田未央_前川みく_塩見周子_城ヶ崎美嘉_城ヶ崎莉嘉_結城晴_橘ありす_櫻井桃華,神谷奈緒_本田未央_城ヶ崎美嘉_佐久間まゆ_渋谷凛_速水奏_橘ありす_一ノ瀬志希,島村卯月_宮本フレデリカ_神崎蘭子_渋谷凛_高垣楓_本田未央_高森藍子_大槻唯_安部菜々
539,ない,童貞です,20代,小日向美穂,nan,nan,nan
540,ある,童貞です,10代,高森藍子,十時愛梨,鷺沢文香,高垣楓
541,ない,童貞です,20代,多田李衣菜,佐久間まゆ,鷺沢文香,高垣楓
542,ある,童貞です,20代,的場梨沙,城ヶ崎美嘉,鷺沢文香,川島瑞樹
543,ある,童貞です,20代,城ヶ崎美嘉,新田美波,大槻唯,櫻井桃華
544,ない,童貞です,20代,二宮飛鳥,新田美波,城ヶ崎美嘉,大槻唯
545,ある,童貞です,20代,高森藍子,nan,緒方智絵里,高垣楓
546,ある,童貞です,10代,荒木比奈,松本沙理奈,鷺沢文香,乙倉悠貴
547,ない,童貞です,20代,一ノ瀬志希,nan,本田未央,速水奏
548,ある,童貞です,10代,塩見周子,十時愛梨,十時愛梨,五十嵐響子
549,ある,童貞です,20代,多田李衣菜,三船美優,鷺沢文香,安部菜々
550,ある,童貞です,20代,一ノ瀬志希,新田美波,鷺沢文香,大槻唯
551,ある,童貞です,30代,並木芽衣子,松本沙理奈,鷺沢文香,十時愛梨
552,ある,童貞です,10代,的場梨沙,姫川友紀,鷺沢文香,一ノ瀬志希
553,ない,童貞です,10代,緒方智絵里,大槻唯,今井加奈,片桐早苗
554,ある,童貞です,20代,渋谷凛,三船美優,島村卯月,本田未央
555,ない,童貞です,20代,橘ありす,佐々木千枝,鷺沢文香,佐藤心
556,ない,童貞です,10代,鷺沢文香,速水奏,櫻井桃華,緒方智絵里
557,ある,童貞です,10代,渋谷凛,三船美優,橘ありす,高垣楓
558,ある,童貞です,30代,道明寺歌鈴,松本沙理奈,佐久間まゆ,及川雫
559,ある,童貞です,10代,新田美波,城ヶ崎美嘉,一ノ瀬志希,安部菜々
560,ない,童貞です,20代,速水奏,新田美波,,
561,ある,童貞です,20代,高森藍子,五十嵐響子,緒方智絵里,高垣楓
562,ない,童貞です,10代,荒木比奈,荒木比奈,,
563,ない,童貞です,20代,本田未央,十時愛梨,鷺沢文香,塩見周子
564,ある,童貞です,20代,速水奏,大槻唯,大槻唯,星井美希
565,ない,童貞です,20代,藤本里奈,速水奏,速水奏_一ノ瀬志希_宮本フレデリカ_塩見周子_城ヶ崎美嘉,
566,ない,童貞です,20代,,鷺沢文香,鷺沢文香,大槻唯
567,ない,童貞です,20代,並木芽衣子,nan,鷺沢文香,新田美波
568,ある,童貞です,20代,神谷奈緒,鷹富士茄子,鷺沢文香,和久井留美
569,ない,童貞です,20代,的場梨沙,松本沙理奈,新田美波_鷺沢文香_本田未央_大槻唯_速水奏_城ヶ崎美嘉,
570,ない,童貞です,10代,アナスタシア,,新田美波_大槻唯,
571,ある,童貞です,20代,龍崎薫,柊志乃,,新田美波
572,ある,童貞です,20代,結城晴,鷺沢文香,鷺沢文香,高垣楓
573,ない,童貞です,30代,nan,nan,nan,nan
574,ある,童貞です,20代,輿水幸子,本田未央,鷺沢文香,高垣楓
575,ある,童貞です,10代,鷺沢文香,鷺沢文香,鷺沢文香,鷺沢文香
576,ある,童貞です,20代,島村卯月,,高森藍子,川島瑞樹
577,ある,童貞です,20代,五十嵐響子,三船美優,新田美波,島村卯月
578,ない,童貞です,20代,緒方智絵里,城ヶ崎莉嘉,新田美波,城ヶ崎美嘉
579,ある,童貞です,20代,三村かな子,城ヶ崎美嘉,神崎蘭子,高垣楓
580,ある,童貞です,20代,小関麗奈,新田美波,本田未央,兵藤レナ
581,ない,童貞です,20代,櫻井桃華,前川みく,nan,nan
582,ある,童貞です,20代,白坂小梅,nan,輿水幸子,高垣楓
583,ある,童貞です,10代,道明寺歌鈴,鷺沢文香,鷺沢文香,nan
584,ある,童貞です,20代,小日向美穂,相葉夕美,新田美波,大槻唯
585,ない,童貞です,10代,緒方智絵里,城ヶ崎美嘉,城ヶ崎美嘉,川島瑞樹
586,ある,童貞です,10代,道明寺歌鈴,鷺沢文香,鷺沢文香,nan
587,ない,童貞です,30代,小早川紗枝,柊志乃,新田美波,新田美波
588,ない,童貞です,20代,城ヶ崎莉嘉,城ヶ崎美嘉,新田美波,速水奏
589,ある,童貞です,20代,喜多見柚,塩見周子,鷺沢文香,北条加蓮
590,ない,童貞です,30代,喜多日菜子,喜多日菜子,nan,nan
591,ある,童貞です,10代,小日向美穂,新田美波,大槻唯,本田未央
592,ある,童貞です,10代,財前時子,柊志乃,鷺沢文香,一ノ瀬志希
593,ない,童貞です,20代,大原みちる,乙倉悠貴,佐藤心,高橋礼子
594,ある,童貞です,10代,櫻井桃華,大槻唯,鷺沢文香,大槻唯
595,ある,童貞です,20代,佐城雪美,二宮飛鳥,五十嵐響子,高垣楓
596,ある,童貞です,20代,島村卯月,鷺沢文香,島村卯月_鷺沢文香_高森藍子,高垣楓_速水奏_渋谷凛
597,ある,童貞です,20代,神崎蘭子,大槻唯,鷺沢文香,一ノ瀬志希
598,ある,童貞です,10代,赤城みりあ,本田未央,喜多見柚,高垣楓
599,ある,童貞です,10代,高森藍子,若林智香,城ヶ崎美嘉,緒方智絵里
600,ない,童貞です,20代,輿水幸子,新田美波,本田未央,本田未央
601,ある,童貞です,10代,川島瑞樹,三船美優,鷺沢文香,アナスタシア
602,ある,童貞です,20代,速水奏,星井美希,高垣楓,安部菜々
603,ある,童貞です,20代,速水奏,篠原礼,緒方智絵里,多田李衣菜
604,ない,童貞です,20代,佐藤心,新田美波,鷺沢文香,城ヶ崎美嘉
605,ない,童貞です,10代,川島瑞樹,,高垣楓,
606,ある,童貞です,20代,佐城雪美,三船美優,鷺沢文香,渋谷凛
607,ある,童貞です,20代,城ヶ崎美嘉,塩見周子,緒方智絵里_鷺沢文香_大槻唯,渋谷凛
608,ある,童貞です,20代,城ヶ崎美嘉,菊地真,城ヶ崎美嘉,北条加蓮
609,ある,童貞です,20代,島村卯月,鷺沢文香,神崎蘭子,鷺沢文香
610,ある,童貞です,10代,速水奏,速水奏,速水奏,高垣楓
611,ある,童貞です,20代,星輝子,和久井留美,成宮由愛,木村夏樹
612,ある,童貞です,10代,新田美波,三船美優,鷺沢文香,nan
613,ある,童貞です,20代,佐久間まゆ,東郷あい,鷺沢文香,速水奏
614,ない,童貞です,20代,如月千早,天海春香,萩原雪歩,星井美希
615,ない,童貞です,30代,北条加蓮,小早川紗枝,城ヶ崎美嘉,nan
616,ない,童貞です,20代,村上巴,白坂小梅,鷺沢文香,大槻唯
617,ない,童貞です,20代,橘ありす,新田美波,nan,nan
618,ある,童貞です,20代,佐久間まゆ,前川みく,鷺沢文香,北条加蓮
619,ない,童貞です,20代,高垣楓,松本沙理奈,大槻唯,関裕美
620,ある,童貞です,20代,諸星きらり,白坂小梅,鷺沢文香,川島瑞樹
621,ある,童貞です,20代,高森藍子,斉藤洋子,小早川紗枝,塩見周子
622,ない,童貞です,30代,相葉夕美,nan,鷺沢文香,十時愛梨
623,ある,童貞です,20代,涼宮星花,相川千夏,新田美波,相葉夕美
624,ある,童貞です,20代,小日向美穂,三船美優,新田美波,五十嵐響子
625,ある,童貞です,20代,神崎蘭子,鷺沢文香,城ヶ崎美嘉,三村かな子
626,ない,童貞です,20代,池袋晶葉,柊志乃,大槻唯,大槻唯
627,ない,童貞です,20代,池袋晶葉,柊志乃,大槻唯,大槻唯
628,ある,童貞です,10代,星輝子,木場真奈美,佐々木千枝,大石泉
629,ある,童貞です,10代,島村卯月,大槻唯,鷺沢文香,赤城みりあ
630,ある,童貞です,20代,多田李衣菜,木村夏樹,佐城雪美,大槻唯
631,ある,童貞です,10代,本田未央,新田美波,鷺沢文香,速水奏
632,ない,童貞です,20代,大槻唯,大槻唯,大槻唯,水本ゆかり
633,ある,童貞です,20代,多田李衣菜,三船美優,三船美優,三船美優
634,ない,童貞です,10代,小日向美穂,,nan,nan
635,ある,童貞です,20代,奥山沙織,十時愛梨,,
636,ない,童貞です,10代,小日向美穂,松本沙理奈,渋谷凛,高垣楓
637,ある,童貞です,10代,松尾千鶴,三船美優,鷺沢文香,間中美里
638,ある,童貞です,10代,白菊ほたる,新田美波,新田美波_島村卯月,速水奏
639,ない,童貞です,20代,天海春香,,nan,nan
640,ある,童貞です,20代,桃井あずき,三村かな子,佐久間まゆ,高垣楓
641,ある,童貞です,20代,佐城雪美,龍崎薫,城ヶ崎美嘉,高垣楓
642,ない,童貞です,20代,高森藍子,相葉夕美,鷺沢文香,星輝子
643,ない,童貞です,20代,佐久間まゆ,ヘレン,本田未央,渋谷凛
644,ある,童貞です,30代,橘ありす,十時愛梨,緒方智絵里_高森藍子_相葉夕美_大槻唯,佐藤心_城ヶ崎美嘉_姫川友紀_前川みく
645,ある,童貞です,10代,,,大槻唯,
646,ある,童貞です,10代,早坂美玲,新田美波,鷺沢文香,新田美波
647,ない,童貞です,10代,星輝子,新田美波,鷺沢文香,大槻唯
648,ない,童貞です,10代,依田芳乃,nan,nan,nan
649,ない,童貞です,30代,櫻井桃華,佐々木千枝,城ヶ崎美嘉,佐久間まゆ
650,ない,童貞です,20代,神谷奈緒,五十嵐響子,島村卯月,大槻唯
651,ある,童貞です,10代,双葉杏,鷺沢文香,鷺沢文香,本田未央
652,ない,童貞です,20代,,nan,nan,nan
653,ある,童貞です,20代,アナスタシア,新田美波,新田美波_アナスタシア,
654,ある,童貞です,20代,橘ありす,鷺沢文香,新田美波,大槻唯
655,ある,童貞です,20代,小日向美穂,佐々木千枝,高森藍子,橘ありす
656,ない,童貞です,20代,高峯のあ,柳清良,鷺沢文香,鷺沢文香
657,ある,童貞です,20代,神谷奈緒,新田美波,鷺沢文香,
658,ある,童貞です,20代,新田美波,鷺沢文香,神谷奈緒,北条加蓮
659,ない,童貞です,20代,双葉杏,三船美優,十時愛梨,速水奏
660,ある,童貞です,20代,大槻唯,大槻唯,鷺沢文香,木村夏樹
661,ない,童貞です,20代,白坂小梅,nan,鷺沢文香,島村卯月
662,ある,童貞です,20代,高森藍子,小日向美穂,鷺沢文香,一ノ瀬志希
663,ある,童貞です,20代,三村かな子,前川みく,鷺沢文香,三船美優
664,ない,童貞です,20代,水木聖來,十時愛梨,十時愛梨,三船美優
665,ない,童貞です,20代,喜多見柚,白坂小梅,本田未央,宮本フレデリカ
666,ない,童貞です,10代,綾瀬穂乃香,多田李衣菜,高森藍子,前川みく
667,ある,童貞です,20代,アナスタシア,三船美優,nan,nan
668,ない,童貞です,10代,小関麗奈,新田美波,nan,nan
669,ある,童貞です,20代,佐久間まゆ,及川雫,双葉杏,高垣楓
670,ある,童貞です,20代,佐久間まゆ,篠原礼,城ヶ崎美嘉,北条加蓮
671,ある,童貞です,10代,二宮飛鳥,一ノ瀬志希,渋谷凛,島村卯月
672,ある,童貞です,20代,本田未央,十時愛梨,本田未央,新田美波
673,ある,童貞です,20代,神崎蘭子,城ヶ崎美嘉,鷺沢文香,島村卯月
674,ある,童貞です,20代,新田美波,塩見周子,三船美優,大槻唯
675,ある,童貞です,10代,緒方智絵里,緒方智絵里,鷺沢文香,ルーキートレーナー
676,ない,童貞です,20代,,,,
677,ある,童貞です,20代,北条加蓮,佐久間まゆ,神崎蘭子,白坂小梅
678,ない,童貞です,20代,諸星きらり,新田美波,大槻唯,三船美優
679,ある,童貞です,30代,佐々木千枝,鷺沢文香,鷺沢文香,新田美波
680,ある,童貞です,20代,萩原雪歩,新田美波,佐久間まゆ,速水奏
681,ある,童貞です,20代,本田未央,三船美優,鷺沢文香,島村卯月
682,ない,童貞です,20代,中野有香,三船美優,藤原肇,渋谷凛
683,ある,童貞です,10代,橘ありす,速水奏,鷺沢文香_新田美波,新田美波
684,ある,童貞です,10代,中野有香,大槻唯,新田美波,高垣楓
685,ない,童貞です,20代,安部菜々,大槻唯,大槻唯,
686,ある,童貞です,10代,本田未央,新田美波,nan,nan
687,ある,童貞です,20代,nan,新田美波,新田美波,nan
688,ある,童貞です,20代,双葉杏,双葉杏,鷺沢文香,川島瑞樹
689,ある,童貞です,20代,新田美波,新田美波,鷺沢文香,nan
690,ない,童貞です,20代,城ヶ崎美嘉,城ヶ崎美嘉,鷺沢文香,
691,ある,童貞です,10代,前川みく,速水奏,城ヶ崎美嘉,高垣楓
692,ある,童貞です,20代,鷺沢文香,新田美波,城ヶ崎美嘉,高垣楓
693,ある,童貞です,10代,星輝子,一ノ瀬志希,速水奏,安部菜々
694,ない,童貞です,20代,遊佐こずえ,新田美波,島村卯月,城ヶ崎美嘉
695,ない,童貞です,20代,土屋亜子,土屋亜子,nan,nan
696,ある,童貞です,20代,小日向美穂,城ヶ崎美嘉,鷺沢文香,本田未央
697,ある,童貞です,20代,小早川紗枝,柊志乃,新田美波,高垣楓
698,ない,童貞です,10代,塩見周子,三船美優,鷺沢文香_一ノ瀬志希_三船美優_新田美波,
699,ない,童貞です,30代,神谷奈緒,新田美波,鷺沢文香,一ノ瀬志希
700,ない,童貞です,20代,喜多見柚,三船美優,鷺沢文香,北条加蓮
701,ある,童貞です,10代,岡崎泰葉,大槻唯,nan,新田美波
702,ある,童貞です,10代,新田美波,新田美波,鷺沢文香,nan
703,ある,童貞です,30代,本田未央,nan,nan,nan
704,ある,童貞です,10代,一ノ瀬志希,新田美波,及川雫,アナスタシア
705,ある,童貞です,20代,佐藤心,三村かな子,大槻唯,赤城みりあ
706,ない,童貞です,10代,二宮飛鳥,nan,nan,nan
707,ある,童貞です,20代,三船美優,神崎蘭子,鷺沢文香,塩見周子
708,ある,童貞です,20代,森久保乃々,海老原菜帆,鷺沢文香,
709,ある,童貞です,20代,上条春菜,十時愛梨,鷺沢文香,片桐早苗
710,ない,童貞です,20代,日野茜,榊原里美,五十嵐響子,二宮飛鳥
711,ない,童貞です,20代,村上巴,,大槻唯,龍崎薫
712,ある,童貞です,20代,有浦柑奈,十時愛梨,鷺沢文香,大槻唯
713,ない,童貞です,10代,脇山珠美,,片桐早苗,鷺沢文香
714,ある,童貞です,20代,佐藤心,柊志乃,大槻唯,塩見周子
715,ある,童貞です,10代,小日向美穂,速水奏,鷺沢文香,速水奏
716,ある,童貞です,20代,北条加蓮,速水奏,大槻唯,ヘレン
717,ある,童貞です,10代,緒方智絵里,大槻唯,鷺沢文香,桐生つかさ
718,ある,童貞です,10代,多田李衣菜,本田未央,大槻唯,渋谷凛
719,ない,童貞です,10代,アナスタシア,速水奏,新田美波,城ヶ崎美嘉
720,ある,童貞です,20代,一ノ瀬志希,佐藤心,鷺沢文香_緒方智絵里,並木芽衣子_相葉夕美_東郷あい_原田美世
721,ある,童貞です,20代,高垣楓,三船美優,大槻唯,高垣楓
722,ある,童貞です,10代,神谷奈緒,新田美波,渋谷凛,北条加蓮
723,ない,童貞です,20代,多田李衣菜,喜多見柚,一ノ瀬志希,宮本フレデリカ
724,ない,童貞です,10代,神谷奈緒,城ヶ崎美嘉,大槻唯,高垣楓
725,ある,童貞です,20代,,,鷺沢文香,速水奏
726,ある,童貞です,10代,塩見周子,新田美波,鷺沢文香,島村卯月
727,ある,童貞です,20代,並木芽衣子,ルーキートレーナー,鷺沢文香,高垣楓
728,ない,童貞です,10代,上条春菜,新田美波,,
729,ある,童貞です,20代,橘ありす,三船美優,,如月千早
730,ある,童貞です,20代,渋谷凛,新田美波,鷺沢文香,前川みく
731,ある,童貞です,20代,本田未央,一ノ瀬志希,及川雫,高垣楓
732,ある,童貞です,20代,相葉夕美,三船美優,鷺沢文香,一ノ瀬志希
733,ある,童貞です,20代,白菊ほたる,鷹富士茄子,緒方智絵里,高垣楓
734,ない,童貞です,10代,小日向美穂,大槻唯,城ヶ崎美嘉,三船美優
735,ない,童貞です,20代,横山千佳,水本ゆかり,十時愛梨,十時愛梨
736,ある,童貞です,20代,並木芽衣子,鷺沢文香,新田美波,鷺沢文香
737,ある,童貞です,20代,城ヶ崎美嘉,佐々木千枝,鷺沢文香,渋谷凛
738,ない,童貞です,10代,星輝子,速水奏,星輝子,星輝子_堀裕子
739,ある,童貞です,10代,一ノ瀬志希,一ノ瀬志希,鷺沢文香,堀裕子
740,ある,童貞です,20代,高森藍子,堀裕子,鷺沢文香,島村卯月
741,ある,童貞です,10代,喜多見柚,桃井あずき,十時愛梨,速水奏
742,ある,童貞です,10代,小早川紗枝,新田美波,島村卯月,大槻唯
743,ない,童貞です,20代,橘ありす,大沼くるみ,nan,nan
744,ある,童貞です,10代,荒木比奈,荒木比奈,荒木比奈,荒木比奈
745,ない,童貞です,10代,首藤葵,佐藤心,新田美波,二宮飛鳥
746,ある,童貞です,20代,渋谷凛,新田美波,神谷奈緒,北条加蓮
747,ある,童貞です,10代,渋谷凛,新田美波,新田美波,速水奏
748,ある,童貞です,10代,緒方智絵里,緒方智絵里,緒方智絵里,nan
749,ない,童貞です,20代,安部菜々,福山舞,,本田未央
750,ある,童貞です,20代,堀裕子,大槻唯,鷺沢文香,高垣楓
751,ある,童貞です,20代,緒方智絵里,,,
752,ある,童貞です,10代,喜多日菜子,大槻唯,鷺沢文香,渋谷凛
753,ない,童貞です,20代,佐々木千枝,三船美優,島村卯月,速水奏
754,ある,童貞です,10代,鷺沢文香,大槻唯,大槻唯,高垣楓
755,ある,童貞です,20代,五十嵐響子,新田美波,新田美波,nan
756,ある,童貞です,20代,新田美波,鷺沢文香,nan,nan
757,ない,童貞です,20代,白坂小梅,大槻唯,前川みく_白坂小梅,諸星きらり_松永涼
758,ある,童貞です,20代,海老原菜帆,高橋礼子,鷺沢文香,城ヶ崎美嘉
759,ある,童貞です,20代,緒方智絵里,十時愛梨,nan,nan
760,ない,童貞です,20代,市原仁奈,及川雫,及川雫,大槻唯
761,ない,童貞です,10代,双葉杏,橘ありす,片桐早苗,高垣楓
762,ある,童貞です,20代,神谷奈緒,西園寺琴歌,神谷奈緒,塩見周子
763,ない,童貞です,30代,椎名法子,三船美優,鷺沢文香,新田美波
764,ある,童貞です,20代,藤原肇,中野有香,鷺沢文香,桐生つかさ
765,ない,童貞です,20代,クラリス,槙原志保,鷺沢文香,高垣楓
766,ある,童貞です,20代,安部菜々,緒方智絵里,鷺沢文香,高垣楓
767,ある,童貞です,20代,姫川友紀,前川みく,鷺沢文香,渋谷凛
768,ない,童貞です,30代,古賀小春,島村卯月,小日向美穂,高垣楓
769,ない,童貞です,10代,小日向美穂,安部菜々,小日向美穂,片桐早苗
770,ある,童貞です,10代,一ノ瀬志希,一ノ瀬志希,速水奏_高垣楓_渋谷凛_鷺沢文香,高森藍子_三船美優
771,ない,童貞です,30代,前川みく,大槻唯,城ヶ崎美嘉,小日向美穂
772,ある,童貞です,20代,神崎蘭子,城ヶ崎美嘉,本田未央,大槻唯
773,ない,童貞です,20代,緒方智絵里,赤城みりあ,鷺沢文香,北条加蓮
774,ある,童貞です,20代,アナスタシア,水本ゆかり,鷺沢文香,神崎蘭子
775,ない,童貞です,20代,nan,櫻井桃華,鷺沢文香,和久井留美
776,ある,童貞です,20代,速水奏,ナターリア,城ヶ崎美嘉,島村卯月
777,ある,童貞です,20代,一ノ瀬志希,nan,鷺沢文香_新田美波_三船美優_塩見周子_一ノ瀬志希_神崎蘭子_星井美希_大槻唯_本田未央_乙倉悠貴_緒方智絵里_三村かな子_五十嵐響子,白坂小梅_松永涼_椎名法子_関裕美_桐生つかさ_黒川千秋_木場真奈美
778,ある,童貞です,20代,小日向美穂,十時愛梨,五十嵐響子,渋谷凛
779,ある,童貞です,20代,一ノ瀬志希,一ノ瀬志希,鷺沢文香,nan
780,ある,童貞です,20代,南条光,斉藤洋子,大槻唯,木村夏樹
781,ない,童貞です,20代,二宮飛鳥,神崎蘭子,新田美波,大槻唯
782,ある,童貞です,10代,高垣楓,新田美波,三船美優,渋谷凛
783,ない,童貞です,10代,nan,nan,nan,nan
784,ない,童貞です,20代,藤原肇,十時愛梨,速水奏,川島瑞樹
785,ある,童貞です,20代,十時愛梨,城ヶ崎美嘉,鷺沢文香,小日向美穂
786,ない,童貞です,20代,依田芳乃,前川みく,渋谷凛,渋谷凛
787,ない,童貞です,20代,前川みく,島村卯月,十時愛梨,諸星きらり
788,ある,童貞です,20代,佐久間まゆ,三船美優,鷺沢文香,宮本フレデリカ
789,ない,童貞です,20代,前川みく,前川みく,大槻唯,速水奏
790,ある,童貞です,20代,相葉夕美,塩見周子,五十嵐響子,速水奏
791,ある,童貞です,30代,神谷奈緒,本田未央,櫻井桃華,新田美波
792,ある,童貞です,20代,渋谷凛,十時愛梨,鷺沢文香,速水奏
793,ない,童貞です,20代,一ノ瀬志希,十時愛梨,小日向美穂_鷺沢文香_高森藍子,
794,ある,童貞です,20代,白坂小梅,相葉夕美,大槻唯,三船美優
795,ある,童貞です,20代,双葉杏,及川雫,五十嵐響子,高垣楓
796,ある,童貞です,20代,向井拓海,的場梨沙,橘ありす,nan
797,ある,童貞です,20代,佐久間まゆ,,大槻唯,赤城みりあ
798,ある,童貞です,20代,前川みく,大槻唯,鷺沢文香_佐久間まゆ,城ヶ崎美嘉
799,ある,童貞です,30代,川島瑞樹,佐久間まゆ,五十嵐響子,佐藤心
800,ない,童貞です,10代,小早川紗枝,塩見周子,新田美波,安部菜々
801,ある,童貞です,10代,多田李衣菜,本田未央,新田美波,十時愛梨
802,ある,童貞です,20代,南条光,鷺沢文香,nan,原田美世
803,ある,童貞です,20代,北条加蓮,大槻唯,鷺沢文香_北条加蓮,
804,ない,童貞です,30代,高森藍子,鷺沢文香,鷺沢文香,大槻唯
805,ある,童貞です,20代,白坂小梅,柊志乃,本田未央,城ヶ崎美嘉
806,ある,童貞です,10代,佐久間まゆ,鷺沢文香,鷺沢文香,本田未央
807,ない,童貞です,10代,堀裕子,塩見周子,高垣楓,本田未央
808,ある,童貞です,10代,道明寺歌鈴,五十嵐響子,前川みく,相川千夏
809,ない,童貞です,20代,渋谷凛,新田美波,新田美波,木村夏樹
810,ある,童貞です,20代,本田未央,片桐早苗,城ヶ崎美嘉,三船美優
811,ない,童貞です,20代,小関麗奈,速水奏,,
812,ある,童貞です,20代,我那覇響,緒方智絵里,渋谷凛,北条加蓮
813,ある,童貞です,10代,二宮飛鳥,一ノ瀬志希,鷺沢文香,三船美優
814,ある,童貞です,10代,アナスタシア,高垣楓,島村卯月,財前時子
815,ある,童貞です,20代,小日向美穂,速水奏,速水奏,鷺沢文香
816,ある,童貞です,10代,鷺沢文香,,nan,nan
817,ない,童貞です,20代,nan,大槻唯,乙倉悠貴,高垣楓
818,ある,童貞です,20代,鷺沢文香,鷺沢文香,佐久間まゆ,的場梨沙
819,ある,童貞です,30代,本田未央,安部菜々,鷺沢文香,城ヶ崎美嘉
820,ない,童貞です,20代,佐久間まゆ,,鷺沢文香,高垣楓
821,ない,童貞です,10代,宮本フレデリカ,渋谷凛,三船美優,三船美優
822,ない,童貞です,10代,本田未央,nan,nan,nan
823,ない,童貞です,20代,星輝子,大和亜季,城ヶ崎美嘉,市原仁奈
824,ない,童貞です,20代,三船美優,新田美波,鷺沢文香,
825,ない,童貞です,20代,北条加蓮,大槻唯,佐久間まゆ_五十嵐響子_三船美優,
826,ある,童貞です,30代,本田未央,本田未央,鷺沢文香,塩見周子
827,ある,童貞です,20代,上条春菜,佐々木千枝,鷺沢文香,大槻唯
828,ない,童貞です,20代,北条加蓮,高垣楓,鷺沢文香,一ノ瀬志希
829,ある,童貞です,20代,nan,ナターリア,鷺沢文香,三船美優
830,ある,童貞です,10代,結城晴,新田美波,鷺沢文香,大槻唯
831,ない,童貞です,10代,村松さくら,喜多見柚,城ヶ崎美嘉,姫川友紀
832,ある,童貞です,10代,安部菜々,安部菜々,佐藤心,緒方智絵里
833,ある,童貞です,20代,北条加蓮,渋谷凛,島村卯月,速水奏
834,ない,童貞です,20代,相葉夕美,新田美波,鷺沢文香,アナスタシア
835,ある,童貞です,20代,大槻唯,新田美波,鷺沢文香,東郷あい
836,ない,童貞です,20代,二宮飛鳥,高垣楓,渋谷凛,小日向美穂
837,ない,童貞です,30代,緒方智絵里,大槻唯,鷺沢文香,鷺沢文香
838,ない,童貞です,20代,佐城雪美,大和亜季,高垣楓,北条加蓮
839,ある,童貞です,10代,鷺沢文香,新田美波,鷺沢文香,白菊ほたる
840,ない,童貞です,10代,上条春菜,nan,nan,nan
841,ある,童貞です,10代,鷺沢文香,十時愛梨,十時愛梨,乙倉悠貴
842,ある,童貞です,20代,菊地真,,,nan
843,ない,童貞です,20代,速水奏,喜多見柚,速水奏,速水奏
844,ある,童貞です,10代,高森藍子,大槻唯,五十嵐響子,大槻唯
845,ある,童貞です,10代,高森藍子,十時愛梨,鷺沢文香,片桐早苗
846,ある,童貞です,10代,喜多見柚,新田美波,大槻唯,高垣楓
847,ある,童貞です,20代,イヴ・サンタクロース,三船美優,十時愛梨,高垣楓
848,ある,童貞です,20代,北条加蓮,水本ゆかり,鷺沢文香,塩見周子
849,ない,童貞です,20代,高槻やよい,及川雫,,
850,ない,童貞です,20代,相葉夕美,佐々木千枝,新田美波,高垣楓
851,ある,童貞です,20代,渋谷凛,,nan,nan
852,ある,童貞です,20代,星輝子,喜多見柚,鷺沢文香,川島瑞樹
853,ない,童貞です,20代,高森藍子,高森藍子,大槻唯,
854,ある,童貞です,10代,速水奏,十時愛梨,新田美波_鷺沢文香,佐久間まゆ
855,ある,童貞です,20代,宮本フレデリカ,新田美波,鷺沢文香,諸星きらり
856,ある,童貞です,20代,佐々木千枝,佐々木千枝,鷺沢文香,
857,ある,童貞です,20代,佐々木千枝,佐々木千枝,鷺沢文香,
858,ある,童貞です,30代,鷺沢文香,三船美優,三船美優,片桐早苗
859,ない,童貞です,10代,神崎蘭子,神崎蘭子,鷺沢文香,島村卯月
860,ある,童貞です,10代,森久保乃々,白坂小梅,新田美波,緒方智絵里
861,ない,童貞です,10代,速水奏,二宮飛鳥,鷺沢文香,渋谷凛
862,ある,童貞です,30代,森久保乃々,遊佐こずえ,小日向美穂,速水奏
863,ない,童貞です,20代,森久保乃々,三船美優,大槻唯,鷺沢文香
864,ある,童貞です,40代以上,上条春菜,上条春菜,島村卯月,三船美優
865,ある,童貞です,20代,水本ゆかり,三船美優,大槻唯_鷺沢文香,相葉夕美
866,ある,童貞です,20代,一ノ瀬志希,和久井留美,宮本フレデリカ,藤居朋
867,ある,童貞です,10代,棟方愛海,nan,小日向美穂,nan
868,ない,童貞です,20代,新田美波,安部菜々,渋谷凛,鷺沢文香
869,ある,童貞です,30代,水本ゆかり,新田美波,鷺沢文香,一ノ瀬志希
870,ない,童貞です,20代,佐城雪美,新田美波,城ヶ崎美嘉,速水奏
871,ない,童貞です,20代,西島櫂,及川雫,島村卯月,大槻唯
872,ある,童貞です,10代,五十嵐響子,新田美波,島村卯月,渋谷凛
873,ある,童貞です,10代,五十嵐響子,大槻唯,,
874,ある,童貞です,30代,北条加蓮,鷺沢文香,鷺沢文香,渋谷凛
875,ある,童貞です,10代,緒方智絵里,ナターリア,渋谷凛,木村夏樹
876,ある,童貞です,10代,渋谷凛,渋谷凛,姫川友紀,三船美優
877,ある,童貞です,30代,新田美波,新田美波,新田美波,新田美波
878,ある,童貞です,10代,高峯のあ,nan,鷺沢文香,nan
879,ある,童貞です,20代,五十嵐響子,鷺沢文香,鷹富士茄子,大槻唯
880,ある,童貞です,20代,三村かな子,本田未央,本田未央,nan
881,ある,童貞です,20代,水本ゆかり,依田芳乃,相葉夕美,川島瑞樹
882,ある,童貞です,20代,大槻唯,一ノ瀬志希,大槻唯,安部菜々
883,ある,童貞です,10代,佐久間まゆ,佐久間まゆ,大槻唯,高垣楓
884,ある,童貞です,10代,諸星きらり,一ノ瀬志希,鷺沢文香,速水奏
885,ある,童貞です,20代,島村卯月,鷺沢文香,鷺沢文香,高森藍子
886,ある,童貞です,20代,椎名法子,前川みく,小日向美穂,一ノ瀬志希
887,ある,童貞です,20代,三村かな子,十時愛梨,本田未央,三船美優
888,ない,童貞です,10代,多田李衣菜,渋谷凛,新田美波,緒方智絵里
889,ある,童貞です,20代,水木聖來,速水奏,鷺沢文香,水本ゆかり
890,ある,童貞です,10代,鷺沢文香,松本沙理奈,十時愛梨,杉坂海
891,ある,童貞です,30代,nan,nan,nan,nan
892,ある,童貞です,30代,nan,nan,nan,nan
893,ない,童貞です,10代,一ノ瀬志希,鷺沢文香,渋谷凛,高垣楓
894,ある,童貞です,20代,新田美波,鷺沢文香,nan,nan
895,ない,童貞です,20代,早坂美玲,大槻唯,nan,nan
896,ある,童貞です,30代,新田美波,新田美波,鷺沢文香,鷺沢文香
897,ある,童貞です,10代,アナスタシア,三船美優,十時愛梨,川島瑞樹
898,ない,童貞です,10代,島村卯月,新田美波,高森藍子,一ノ瀬志希
899,ある,童貞です,10代,小関麗奈,松本沙理奈,十時愛梨,諸星きらり
900,ある,童貞です,20代,赤城みりあ,櫻井桃華,城ヶ崎美嘉,佐藤心
901,ある,童貞です,20代,nan,nan,nan,nan
902,ある,童貞です,20代,村上巴,五十嵐響子,鷺沢文香,藤本里奈
903,ある,童貞です,30代,荒木比奈,遊佐こずえ,鷺沢文香,本田未央
904,ない,童貞です,20代,高垣楓,鷹富士茄子,北条加蓮,島村卯月
905,ない,童貞です,10代,佐藤心,前川みく,城ヶ崎莉嘉,姫川友紀
906,ある,童貞です,20代,星輝子,海老原菜帆,鷺沢文香,高垣楓
907,ある,童貞です,20代,高森藍子,三船美優,相葉夕美,高垣楓
908,ある,童貞です,30代,日下部若葉,佐藤心,橘ありす,城ヶ崎美嘉
909,ある,童貞です,20代,上条春菜,八神マキノ,鷺沢文香,一ノ瀬志希
910,ある,童貞です,10代,二宮飛鳥,nan,十時愛梨_鷺沢文香,nan
911,ある,童貞です,10代,工藤忍,三船美優,高森藍子,川島瑞樹
912,ある,童貞です,10代,神崎蘭子,速水奏,鷺沢文香,安部菜々
913,ない,童貞です,20代,上条春菜,佐久間まゆ,三船美優,nan
914,ある,童貞です,20代,二宮飛鳥,相葉夕美,大槻唯,高垣楓
915,ない,童貞です,10代,佐久間まゆ,nan,島村卯月,本田未央
916,ある,童貞です,10代,一ノ瀬志希,鷺沢文香,島村卯月_城ヶ崎美嘉_緒方智絵里_アナスタシア_高垣楓,鷺沢文香_新田美波_大槻唯_速水奏_三船美優
917,ない,童貞です,10代,鷺沢文香,新田美波,三船美優,三船美優
918,ある,童貞です,10代,小早川紗枝,一ノ瀬志希,双葉杏,塩見周子
919,ある,童貞です,10代,双葉杏,渋谷凛,大槻唯,nan
920,ある,童貞です,10代,二宮飛鳥,相葉夕美,相葉夕美,桐生つかさ
921,ない,童貞です,10代,,,,
922,ない,童貞です,20代,二宮飛鳥,速水奏,新田美波,鷺沢文香
923,ある,童貞です,10代,神谷奈緒,鷺沢文香,鷺沢文香,渋谷凛
924,ある,童貞です,20代,日野茜,nan,本田未央,大槻唯
925,ある,童貞です,10代,日野茜,小松伊吹,鷺沢文香,島村卯月
926,ある,童貞です,20代,片桐早苗,成宮由愛,鷺沢文香,nan
927,ある,童貞です,20代,三船美優,三船美優,鷺沢文香,nan
928,ある,童貞です,20代,島村卯月,大槻唯,緒方智絵里,速水奏
929,ない,童貞です,10代,佐城雪美,城ヶ崎美嘉,島村卯月,城ヶ崎美嘉
930,ある,童貞です,10代,依田芳乃,乙倉悠貴,鷺沢文香,城ヶ崎美嘉
931,ない,童貞です,10代,渋谷凛,アナスタシア,城ヶ崎美嘉,アナスタシア
932,ある,童貞です,20代,高森藍子,高森藍子,鷺沢文香,川島瑞樹
933,ある,童貞です,10代,輿水幸子,大槻唯,一ノ瀬志希,橘ありす
934,ある,童貞です,20代,高森藍子,三船美優,佐藤心,向井拓海
935,ない,童貞です,20代,nan,nan,nan,nan
936,ある,童貞です,10代,前川みく,松本沙理奈,大槻唯,高垣楓
937,ある,童貞です,20代,橘ありす,川島瑞樹,nan,nan
938,ある,童貞です,20代,渋谷凛,向井拓海,鷺沢文香,大槻唯
939,ない,童貞です,10代,市原仁奈,大槻唯,神崎蘭子,大槻唯
940,ない,童貞です,10代,道明寺歌鈴,高垣楓,鷺沢文香,五十嵐響子
941,ない,童貞です,20代,緒方智絵里,佐藤心,新田美波,十時愛梨
942,ない,童貞です,20代,浜口あやめ,神谷奈緒,二宮飛鳥,nan
943,ない,童貞です,20代,神谷奈緒,鷹富士茄子,鷺沢文香,鷺沢文香
944,ある,童貞です,20代,安部菜々,三村かな子,鷺沢文香,松本沙理奈
945,ある,童貞です,20代,喜多見柚,,大槻唯,大槻唯
946,ない,童貞です,10代,鷺沢文香,速水奏,島村卯月,速水奏
947,ある,童貞です,20代,北条加蓮,大槻唯,大槻唯,高垣楓
948,ない,童貞です,10代,nan,nan,nan,nan
949,ある,童貞です,10代,三船美優,新田美波,鷺沢文香,nan
950,ある,童貞です,20代,大沼くるみ,片桐早苗,佐久間まゆ,大槻唯
951,ない,童貞です,20代,渋谷凛,渋谷凛,渋谷凛,渋谷凛
952,ある,童貞です,20代,速水奏,白坂小梅,城ヶ崎美嘉_乙倉悠貴_八神マキノ_渋谷凛_三船美優,ヘレン_及川雫_市原仁奈_三船美優_柊志乃
953,ある,童貞です,30代,南条光,鷺沢文香,鷺沢文香,高垣楓
954,ある,童貞です,20代,赤城みりあ,三船美優,赤城みりあ,赤城みりあ
955,ある,童貞です,20代,輿水幸子,輿水幸子,三船美優,新田美波
956,ある,童貞です,20代,渋谷凛,三船美優,鷺沢文香,三船美優
957,ない,童貞です,20代,結城晴,nan,nan,nan
958,ある,童貞です,30代,大槻唯,,高森藍子,十時愛梨
959,ある,童貞です,20代,諸星きらり,三船美優,島村卯月,十時愛梨
960,ある,童貞です,20代,nan,nan,nan,nan
961,ある,童貞です,10代,小早川紗枝,塩見周子,十時愛梨,相葉夕美
962,ない,童貞です,10代,小早川紗枝,新田美波,新田美波,佐久間まゆ
963,ある,童貞です,20代,藤原肇,松本沙理奈,鷺沢文香,本田未央
964,ない,童貞です,10代,神崎蘭子,nan,前川みく,nan
965,ない,童貞です,20代,多田李衣菜,nan,鷺沢文香,渋谷凛
966,ある,童貞です,20代,輿水幸子,水本ゆかり,nan,nan
967,ない,童貞です,20代,大槻唯,nan,大槻唯,渋谷凛
968,ない,童貞です,30代,諸星きらり,三村かな子,三船美優,速水奏
969,ある,童貞です,10代,緒方智絵里,十時愛梨,三村かな子,木村夏樹
970,ない,童貞です,20代,小関麗奈,向井拓海,緒方智絵里_鷺沢文香_十時愛梨,双葉杏_塩見周子_佐藤心
971,ある,童貞です,10代,渋谷凛,前川みく,鷺沢文香,城ヶ崎美嘉
972,ない,童貞です,10代,神崎蘭子,神崎蘭子,渋谷凛,双葉杏
973,ある,童貞です,20代,今井加奈,速水奏,鷺沢文香,城ヶ崎美嘉
974,ある,童貞です,20代,高森藍子,新田美波,鷺沢文香,一ノ瀬志希
975,ない,童貞です,20代,神崎蘭子,及川雫,北条加蓮,鷺沢文香
976,ある,童貞です,20代,白坂小梅,鷺沢文香,鷺沢文香,三船美優
977,ある,童貞です,20代,鷹富士茄子,新田美波,鷺沢文香,高垣楓
978,ない,童貞です,10代,姫川友紀,佐久間まゆ,鷺沢文香,大槻唯
979,ない,童貞です,20代,小日向美穂,白菊ほたる,鷺沢文香,北条加蓮
980,ない,童貞です,20代,緒方智絵里,大槻唯,鷺沢文香,鷺沢文香
981,ない,童貞です,10代,相葉夕美,新田美波,櫻井桃華,渋谷凛
982,ある,童貞です,20代,姫川友紀,浜口あやめ,鷺沢文香,宮本フレデリカ
983,ない,童貞です,10代,神崎蘭子,nan,大槻唯,nan
984,ある,童貞です,20代,日野茜,及川雫,十時愛梨,速水奏
985,ない,童貞です,20代,渋谷凛,水本ゆかり,大槻唯,島村卯月
986,ある,童貞です,20代,水本ゆかり,海老原菜帆,大槻唯,渋谷凛
987,ない,童貞です,10代,鷺沢文香,三船美優,本田未央,本田未央
988,ある,童貞です,10代,諸星きらり,新田美波,佐々木千枝,城ヶ崎美嘉
989,ある,童貞です,20代,前川みく,高垣楓,島村卯月,渋谷凛
990,ある,童貞です,20代,島村卯月,東郷あい,高垣楓,木村夏樹
991,ない,童貞です,10代,島村卯月,三船美優,nan,nan
992,ある,童貞です,30代,城ヶ崎莉嘉,鷺沢文香,十時愛梨,速水奏
993,ない,童貞です,30代,森久保乃々,新田美波,新田美波,川島瑞樹
994,ない,童貞です,20代,日野茜,鷺沢文香,鷺沢文香,塩見周子
995,ない,童貞です,10代,早坂美玲,nan,nan,nan
996,ない,童貞です,20代,相葉夕美,,十時愛梨,三船美優
997,ある,童貞です,10代,新田美波,新田美波,橘ありす,三船美優
998,ある,童貞です,20代,高峯のあ,高峯のあ,五十嵐響子,北条加蓮
999,ない,童貞です,20代,二宮飛鳥,二宮飛鳥,,
1000,ある,童貞です,10代,佐々木千枝,櫻井桃華,安部菜々,安部菜々
1001,ない,童貞です,10代,島村卯月,鷺沢文香,本田未央,nan
1002,ある,童貞です,10代,本田未央,本田未央,渋谷凛,工藤忍
1003,ある,童貞です,20代,島村卯月,島村卯月,鷺沢文香,三船美優
1004,ない,童貞です,20代,五十嵐響子,小早川紗枝,渋谷凛,藤本里奈
1005,ある,童貞です,20代,白菊ほたる,本田未央,森久保乃々,渋谷凛
1006,ない,童貞です,10代,輿水幸子,佐藤心,鷺沢文香,相葉夕美
1007,ある,童貞です,20代,,,,
1008,ある,童貞です,10代,渋谷凛,三船美優,nan,nan
1009,ある,童貞です,20代,輿水幸子,前川みく,緒方智絵里,新田美波
1010,ない,童貞です,10代,城ヶ崎美嘉,安部菜々,赤城みりあ,木村夏樹
1011,ある,童貞です,20代,佐久間まゆ,佐々木千枝,鷺沢文香,アナスタシア
1012,ない,童貞です,10代,斉藤洋子,佐々木千枝,大槻唯,大槻唯
1013,ない,童貞です,20代,本田未央,,鷺沢文香,新田美波
1014,ない,童貞です,10代,北条加蓮,速水奏,新田美波,塩見周子
1015,ある,童貞です,10代,東郷あい,佐久間まゆ,鷺沢文香,北条加蓮
1016,ない,童貞です,10代,神谷奈緒,神谷奈緒,城ヶ崎美嘉,
1017,ある,童貞です,20代,乙倉悠貴,松本沙理奈,鷺沢文香,三船美優
1018,ある,童貞です,20代,森久保乃々,三船美優,赤城みりあ,新田美波
1019,ある,童貞です,10代,安部菜々,新田美波,nan,nan
1020,ある,童貞です,20代,成宮由愛,緒方智絵里,大槻唯,大槻唯
1021,ある,童貞です,20代,高垣楓,十時愛梨,新田美波,五十嵐響子
1022,ない,童貞です,10代,三好紗南,緒方智絵里,鷺沢文香,三村かな子
1023,ある,童貞です,10代,白坂小梅,,佐久間まゆ_鷺沢文香_大槻唯,
1024,ある,童貞です,10代,桃井あずき,三船美優,神谷奈緒,本田未央
1025,ない,童貞です,20代,十時愛梨,前川みく,高森藍子_城ヶ崎美嘉,佐久間まゆ_水木聖來
1026,ある,童貞です,10代,藤居朋,宮本フレデリカ,神崎蘭子,双葉杏
1027,ある,童貞です,10代,渋谷凛,大槻唯,nan,nan
1028,ある,童貞です,20代,nan,nan,nan,nan
1029,ない,童貞です,20代,佐久間まゆ,早坂美玲,鷺沢文香,三船美優
1030,ある,童貞です,30代,緒方智絵里,相葉夕美,緒方智絵里,渋谷凛
1031,ある,童貞です,20代,輿水幸子,,鷺沢文香,
1032,ある,童貞です,20代,小日向美穂,島村卯月,鷺沢文香,高垣楓
1033,ある,童貞です,20代,村上巴,大槻唯,新田美波,木場真奈美
1034,ある,童貞です,20代,アナスタシア,佐々木千枝,鷺沢文香,高垣楓
1035,ある,童貞です,20代,緒方智絵里,,十時愛梨,北条加蓮
1036,ない,童貞です,10代,櫻井桃華,櫻井桃華,櫻井桃華,櫻井桃華
1037,ない,童貞です,20代,安部菜々,相葉夕美,依田芳乃,斉藤洋子
1038,ない,童貞です,10代,丹羽仁美,新田美波,鷺沢文香,城ヶ崎美嘉
1039,ある,童貞です,20代,速水奏,塩見周子,鷺沢文香_アナスタシア_新田美波,白菊ほたる_渋谷凛
1040,ある,童貞です,10代,神崎蘭子,,,
1041,ない,童貞です,10代,前川みく,新田美波,大槻唯,渋谷凛
1042,ある,童貞です,20代,菊地真,大和亜季,鷺沢文香,新田美波
1043,ある,童貞です,20代,古澤頼子,木場真奈美,鷺沢文香,原田美世
1044,ない,童貞です,20代,本田未央,新田美波,依田芳乃,塩見周子
1045,ある,童貞です,20代,渋谷凛,川島瑞樹,城ヶ崎美嘉,三船美優
1046,ない,童貞です,10代,高森藍子,江上椿,緒方智絵里,二宮飛鳥
1047,ある,童貞です,10代,乙倉悠貴,鷹富士茄子,鷺沢文香,城ヶ崎美嘉
1048,ある,童貞です,20代,本田未央,速水奏,本田未央,塩見周子
1049,ある,童貞です,20代,森久保乃々,本田未央,鷺沢文香,渋谷凛
1050,ない,童貞です,20代,遊佐こずえ,三村かな子,十時愛梨,速水奏
1051,ある,童貞です,10代,宮本フレデリカ,鷹富士茄子,鷺沢文香,高垣楓
1052,ある,童貞です,10代,星輝子,及川雫,城ヶ崎美嘉,安部菜々
1053,ある,童貞です,20代,,塩見周子,鷺沢文香,堀裕子
1054,ある,童貞です,20代,宮本フレデリカ,鷺沢文香,鷺沢文香,高垣楓
1055,ある,童貞です,20代,ライラ,海老原菜帆,新田美波,塩見周子
1056,ある,童貞です,10代,鷺沢文香,nan,鷺沢文香,nan
1057,ある,童貞です,20代,櫻井桃華,乙倉悠貴,新田美波,大槻唯
1058,ある,童貞です,10代,イヴ・サンタクロース,新田美波,十時愛梨,関裕美
1059,ある,童貞です,10代,一ノ瀬志希,鷺沢文香,鷺沢文香,前川みく
1060,ある,童貞です,10代,結城晴,鷺沢文香,鷺沢文香,速水奏
1061,ある,童貞です,20代,渋谷凛,速水奏,新田美波,及川雫
1062,ない,童貞です,20代,天海春香,四条貴音,渋谷凛,片桐早苗
1063,ある,童貞です,30代,三船美優,,,nan
1064,ない,童貞です,20代,鷺沢文香,nan,鷺沢文香,北条加蓮
1065,ない,童貞です,30代,新田美波,,,
1066,ある,童貞です,30代,池袋晶葉,新田美波,橘ありす,高垣楓
1067,ない,童貞です,10代,,nan,nan,nan
1068,ある,童貞です,30代,木村夏樹,鷺沢文香,鷺沢文香,高垣楓
1069,ある,童貞です,10代,乙倉悠貴,速水奏,鷺沢文香,三船美優
1070,ない,童貞です,10代,高森藍子,神崎蘭子,大槻唯,高垣楓
1071,ある,童貞です,20代,結城晴,片桐早苗,速水奏,城ヶ崎美嘉
1072,ある,童貞です,20代,島村卯月,前川みく,鷺沢文香,一ノ瀬志希
1073,ない,童貞です,20代,城ヶ崎莉嘉,塩見周子,鷺沢文香,五十嵐響子
1074,ある,童貞です,10代,相葉夕美,鷺沢文香,島村卯月,渋谷凛
1075,ある,童貞です,10代,三村かな子,三村かな子,新田美波,佐久間まゆ
1076,ある,童貞です,20代,,椎名法子,新田美波,アナスタシア
1077,ない,童貞です,20代,大原みちる,十時愛梨,大槻唯,宮本フレデリカ
1078,ない,童貞です,20代,多田李衣菜,新田美波,新田美波,大槻唯
1079,ある,童貞です,20代,高森藍子,佐藤心,橘ありす,高垣楓
1080,ない,童貞です,30代,新田美波,片桐早苗,及川雫,北条加蓮
1081,ある,童貞です,20代,鷺沢文香,十時愛梨,橘ありす,nan
1082,ある,童貞です,20代,岡崎泰葉,松本沙理奈,緒方智絵里,速水奏
1083,ない,童貞です,20代,神谷奈緒,十時愛梨,大槻唯,三船美優
1084,ある,童貞です,20代,前川みく,大槻唯,大槻唯,高垣楓
1085,ない,童貞です,20代,堀裕子,大槻唯,大槻唯,nan
1086,ない,童貞です,10代,双葉杏,新田美波,佐久間まゆ,高垣楓
1087,ある,童貞です,20代,五十嵐響子,佐藤心,神崎蘭子,高森藍子
1088,ある,童貞です,20代,棟方愛海,新田美波,鷺沢文香,高森藍子
1089,ある,童貞です,30代,高垣楓,大槻唯,大槻唯,大槻唯
1090,ある,童貞です,20代,島村卯月,新田美波,赤城みりあ,佐久間まゆ
1091,ある,童貞です,10代,堀裕子,三村かな子,安部菜々,本田未央
1092,ない,童貞です,20代,佐藤心,三船美優,大槻唯,鷺沢文香
1093,ある,童貞です,30代,高森藍子,堀裕子,島村卯月,木村夏樹
1094,ある,童貞です,20代,相葉夕美,鷺沢文香,鷺沢文香,城ヶ崎美嘉
1095,ある,童貞です,20代,佐藤心,鷺沢文香,大槻唯,塩見周子
1096,ある,童貞です,20代,佐久間まゆ,佐藤心,鷺沢文香,片桐早苗
1097,ある,童貞です,20代,小日向美穂,三船美優,鷺沢文香,鷺沢文香
1098,ある,童貞です,10代,赤城みりあ,遊佐こずえ,鷺沢文香,大槻唯
1099,ない,童貞です,20代,南条光,安部菜々,渋谷凛,堀裕子
1100,ない,童貞です,20代,赤城みりあ,槙原志保,三村かな子,大槻唯
1101,ない,童貞です,20代,関裕美,一ノ瀬志希,城ヶ崎美嘉,喜多見柚
1102,ある,童貞です,20代,大原みちる,有浦柑奈,渋谷凛,原田美世
1103,ある,童貞です,20代,大原みちる,有浦柑奈,渋谷凛,原田美世
1104,ある,童貞です,20代,神谷奈緒,北条加蓮,相葉夕美,nan
1105,ない,童貞です,10代,佐久間まゆ,十時愛梨,新田美波,一ノ瀬志希
1106,ある,童貞です,20代,三好紗南,諸星きらり,鷺沢文香,新田美波
1107,ある,童貞です,20代,関裕美,高森藍子,鷺沢文香,前川みく
1108,ある,童貞です,20代,乙倉悠貴,塩見周子,本田未央,北条加蓮
1109,ある,童貞です,30代,渋谷凛,大槻唯,鷺沢文香,城ヶ崎美嘉
1110,ある,童貞です,20代,双葉杏,新田美波,佐久間まゆ,三船美優
1111,ある,童貞です,10代,白坂小梅,速水奏,五十嵐響子,一ノ瀬志希
1112,ない,童貞です,20代,星井美希,新田美波,,三浦あずさ
1113,ない,童貞です,10代,神崎蘭子,三船美優,鷺沢文香,城ヶ崎美嘉
1114,ある,童貞です,20代,木場真奈美,赤西瑛梨華,鷺沢文香_小日向美穂_高森藍子,浜川愛結奈_衛藤美紗希
1115,ある,童貞です,10代,一ノ瀬志希,三船美優,三船美優,
1116,ある,童貞です,10代,前川みく,輿水幸子,島村卯月,緒方智絵里
1117,ない,童貞です,20代,十時愛梨,本田未央,鷺沢文香,輿水幸子
1118,ある,童貞です,20代,棟方愛海,相馬夏美,鷺沢文香,浅野風香
1119,ない,童貞です,20代,木村夏樹,財前時子,渋谷凛,北条加蓮
1120,ある,童貞です,20代,北条加蓮,城ヶ崎美嘉,小日向美穂,安部菜々
1121,ない,童貞です,20代,相葉夕美,三船美優,鷺沢文香_城ヶ崎美嘉,十時愛梨
1122,ある,童貞です,30代,冴島清美,大槻唯,鷺沢文香,鷺沢文香
1123,ある,童貞です,20代,小日向美穂,佐久間まゆ,島村卯月,神崎蘭子
1124,ある,童貞です,20代,高森藍子,五十嵐響子,鷺沢文香_新田美波_城ヶ崎美嘉_神崎蘭子_佐久間まゆ_緒方智絵里,速水奏_高垣楓_一ノ瀬志希_大槻唯
1125,ない,童貞です,20代,高森藍子,新田美波,鷺沢文香,一ノ瀬志希
1126,ない,童貞です,20代,佐久間まゆ,一ノ瀬志希,鷺沢文香,高垣楓
1127,ある,童貞です,20代,桐生つかさ,三船美優,,秋月律子
1128,ある,童貞です,20代,片桐早苗,篠原礼,大槻唯,城ヶ崎美嘉
1129,ある,童貞です,10代,アナスタシア,三船美優,本田未央,高垣楓
1130,ある,童貞です,20代,日野茜,佐久間まゆ,緒方智絵里,アナスタシア
1131,ない,童貞です,30代,高垣楓,新田美波,鷺沢文香,姫川友紀
1132,ある,童貞です,20代,二宮飛鳥,鷺沢文香,鷺沢文香,高垣楓
1133,ない,童貞です,20代,前川みく,前川みく,新田美波,一ノ瀬志希
1134,ある,童貞です,20代,本田未央,佐久間まゆ,鷺沢文香,nan
1135,ない,童貞です,20代,姫川友紀,三船美優,三船美優,三船美優
1136,ある,童貞です,10代,有浦柑奈,塩見周子,一ノ瀬志希,本田未央
1137,ある,童貞です,20代,高橋礼子,柊志乃,十時愛梨,nan
1138,ある,童貞です,40代以上,渋谷凛,二宮飛鳥,nan,nan
1139,ない,童貞です,20代,佐久間まゆ,財前時子,赤城みりあ,神谷奈緒
1140,ある,童貞です,20代,神谷奈緒,新田美波,渋谷凛,高森藍子
1141,ある,童貞です,20代,高垣楓,新田美波,大槻唯,城ヶ崎美嘉
1142,ある,童貞です,10代,浅利七海,佐々木千枝,城ヶ崎美嘉,速水奏
1143,ある,童貞です,20代,nan,nan,nan,nan
1144,ない,童貞です,20代,今井加奈,十時愛梨,鷺沢文香,新田美波
1145,ある,童貞です,20代,輿水幸子,輿水幸子,大槻唯,nan
1146,ある,童貞です,20代,佐城雪美,前川みく,鷺沢文香,北条加蓮
1147,ない,童貞です,20代,長富蓮実,乙倉悠貴,大石泉,塩見周子
1148,ある,童貞です,20代,及川雫,海老原菜帆,速水奏_一ノ瀬志希_宮本フレデリカ_塩見周子_城ヶ崎美嘉,高垣楓
1149,ある,童貞です,20代,ライラ,神谷奈緒,鷺沢文香,前川みく
1150,ある,童貞です,10代,北条加蓮,小日向美穂,五十嵐響子,三船美優
1151,ある,童貞です,10代,速水奏,新田美波,十時愛梨,高垣楓
1152,ある,童貞です,20代,佐藤心,及川雫,佐久間まゆ,高垣楓
1153,ない,童貞です,10代,高森藍子,本田未央,鷺沢文香,城ヶ崎美嘉
1154,ある,童貞です,20代,高森藍子,遊佐こずえ,大槻唯,松尾千鶴
1155,ない,童貞です,20代,多田李衣菜,新田美波,新田美波,速水奏
1156,ある,童貞です,20代,池袋晶葉,兵藤レナ,柳清良,相川千夏
1157,ない,童貞です,20代,川島瑞樹,結城晴,高垣楓,高垣楓
1158,ない,童貞です,30代,速水奏,三船美優,緒方智絵里,川島瑞樹
1159,ある,童貞です,20代,早坂美玲,大槻唯,nan,nan
1160,ある,童貞です,20代,塩見周子,三船美優,相葉夕美,三村かな子
1161,ある,童貞です,20代,遊佐こずえ,望月聖,緒方智絵里,北条加蓮
1162,ない,童貞です,20代,森久保乃々,ヘレン,渋谷凛,ヘレン
1163,ある,童貞です,20代,塩見周子,新田美波,相葉夕美,松本沙理奈
1164,ある,童貞です,10代,神崎蘭子,城ヶ崎莉嘉,鷺沢文香,島村卯月
1165,ある,童貞です,10代,関裕美,塩見周子,鷺沢文香,新田美波
1166,ある,童貞です,20代,神崎蘭子,新田美波,鷺沢文香,nan
1167,ある,童貞です,20代,佐久間まゆ,乙倉悠貴,新田美波,向井拓海
1168,ある,童貞です,20代,ライラ,橘ありす,鷺沢文香,速水奏
1169,ある,童貞です,20代,白菊ほたる,松本沙理奈,十時愛梨,持田亜里沙
1170,ない,童貞です,10代,新田美波,三船美優,nan,nan
1171,ある,童貞です,20代,財前時子,財前時子,輿水幸子,川島瑞樹
1172,ない,童貞です,20代,松本沙理奈,大槻唯,緒方智絵里,川島瑞樹
1173,ある,童貞です,20代,緒方智絵里,佐々木千枝,新田美波,川島瑞樹
1174,ない,童貞です,20代,佐久間まゆ,アナスタシア,島村卯月,鷺沢文香
1175,ある,童貞です,20代,緒方智絵里,鷹富士茄子,鷺沢文香,高垣楓
1176,ある,童貞です,30代,日野茜,黒川千秋,鷺沢文香,姫川友紀
1177,ない,童貞です,20代,高森藍子,島村卯月,鷺沢文香,宮本フレデリカ
1178,ない,童貞です,10代,森久保乃々,向井拓海,nan,nan
1179,ある,童貞です,20代,藤本里奈,十時愛梨,大槻唯,高森藍子
1180,ない,童貞です,10代,鷹富士茄子,大槻唯,大槻唯,小日向美穂
1181,ない,童貞です,10代,神谷奈緒,十時愛梨,新田美波,城ヶ崎美嘉
1182,ない,童貞です,20代,双葉杏,三船美優,赤城みりあ,輿水幸子
1183,ある,童貞です,20代,nan,nan,nan,nan
1184,ある,童貞です,20代,高森藍子,三船美優,鷺沢文香,北条加蓮
1185,ある,童貞です,20代,森久保乃々,堀裕子,鷺沢文香,高垣楓
1186,ない,童貞です,20代,赤城みりあ,三船美優,城ヶ崎美嘉,nan
1187,ない,童貞です,20代,海老原菜帆,松本沙理奈,大槻唯,松山久美子
1188,ない,童貞です,20代,多田李衣菜,松本沙理奈,城ヶ崎美嘉,衛藤美紗希
1189,ある,童貞です,10代,海老原菜帆,本田未央,nan,nan
1190,ない,童貞です,20代,多田李衣菜,鷺沢文香,鷺沢文香,城ヶ崎美嘉
1191,ある,童貞です,10代,鷹富士茄子,前川みく,大槻唯,一ノ瀬志希
1192,ある,童貞です,10代,神谷奈緒,姫川友紀,高森藍子_緒方智絵里_相葉夕美,及川雫_姫川友紀_梅木音葉
1193,ある,童貞です,20代,有浦柑奈,日下部若葉,新田美波,高垣楓
1194,ある,童貞です,20代,水瀬伊織,新田美波,鷺沢文香,nan
1195,ない,童貞です,30代,渋谷凛,黒川千秋,小日向美穂,水木聖來
1196,ある,童貞です,20代,神谷奈緒,新田美波,新田美波,新田美波
1197,ない,童貞です,20代,クラリス,nan,nan,nan
1198,ある,童貞です,20代,浅利七海,速水奏,塩見周子,川島瑞樹
1199,ある,童貞です,20代,神崎蘭子,神崎蘭子,城ヶ崎美嘉,
1200,ある,童貞です,10代,星輝子,佐々木千枝,緒方智絵里,一ノ瀬志希
1201,ある,童貞です,20代,梅木音葉,白坂小梅,鷺沢文香,
1202,ない,童貞です,20代,鷺沢文香,佐城雪美,鷺沢文香,大槻唯
1203,ない,童貞です,20代,松山久美子,小関麗奈,古澤頼子,衛藤美紗希
1204,ある,童貞です,20代,上条春菜,木場真奈美,櫻井桃華_佐々木千枝,渋谷凛
1205,ある,童貞です,20代,的場梨沙,的場梨沙,鷺沢文香,十時愛梨
1206,ある,童貞です,20代,nan,一ノ瀬志希,鷺沢文香,姫川友紀
1207,ない,非童貞です,20代,喜多日菜子,佐久間まゆ,鷺沢文香,一ノ瀬志希
1208,ない,非童貞です,20代,前川みく,三船美優,ナターリア,篠原礼
1209,ある,非童貞です,20代,速水奏,十時愛梨,小日向美穂,水木聖來
1210,ある,非童貞です,30代,日野茜,片桐早苗,十時愛梨,
1211,ある,非童貞です(※素人童貞を含む),20代,姫川友紀,大槻唯,渋谷凛,小日向美穂
1212,ある,非童貞です(※素人童貞を含む),20代,和久井留美,塩見周子,鷺沢文香,塩見周子
1213,ない,非童貞です(※素人童貞を含む),20代,アナスタシア,速水奏,鷺沢文香,櫻井桃華
1214,ない,非童貞です(※素人童貞を含む),30代,アナスタシア,アナスタシア,一ノ瀬志希,神崎蘭子
1215,ない,非童貞です(※素人童貞を含む),10代,アナスタシア,松本沙理奈,鷺沢文香,一ノ瀬志希
1216,ない,非童貞です(※素人童貞を含む),20代,アナスタシア,結城晴,及川雫,相葉夕美
1217,ある,非童貞です(※素人童貞を含む),10代,アナスタシア,新田美波,nan,nan
1218,ある,非童貞です(※素人童貞を含む),20代,アナスタシア,鷺沢文香,鷺沢文香,鷺沢文香
1219,ある,非童貞です(※素人童貞を含む),20代,アナスタシア,三船美優,鷺沢文香,
1220,ある,非童貞です(※素人童貞を含む),20代,アナスタシア,三船美優,鷺沢文香,多田李衣菜
1221,ない,非童貞です(※素人童貞を含む),20代,アナスタシア,nan,nan,nan
1222,ない,非童貞です(※素人童貞を含む),30代,アナスタシア,新田美波,本田未央,高垣楓
1223,ある,非童貞です(※素人童貞を含む),20代,アナスタシア,三船美優,鷺沢文香,北条加蓮
1224,ある,非童貞です(※素人童貞を含む),20代,アナスタシア,鷺沢文香,大槻唯,速水奏
1225,ある,非童貞です(※素人童貞を含む),20代,アナスタシア,大槻唯,大槻唯,大槻唯
1226,ある,非童貞です(※素人童貞を含む),20代,アナスタシア,nan,緒方智絵里,宮本フレデリカ
1227,ない,非童貞です(※素人童貞を含む),20代,アナスタシア,一ノ瀬志希,本田未央,大槻唯
1228,ある,非童貞です(※素人童貞を含む),20代,イヴ・サンタクロース,一ノ瀬志希,大槻唯,渋谷凛
1229,ある,非童貞です(※素人童貞を含む),20代,イヴ・サンタクロース,nan,鷺沢文香,nan
1230,ある,非童貞です(※素人童貞を含む),10代,イヴ・サンタクロース,赤城みりあ,高垣楓,nan
1231,ある,非童貞です(※素人童貞を含む),20代,三村かな子,,五十嵐響子,城ヶ崎美嘉
1232,ある,非童貞です(※素人童貞を含む),20代,諸星きらり,城ヶ崎美嘉,島村卯月_姫川友紀,宮本フレデリカ
1233,ある,非童貞です(※素人童貞を含む),20代,諸星きらり,城ヶ崎美嘉,島村卯月_姫川友紀,宮本フレデリカ
1234,ある,非童貞です(※素人童貞を含む),20代,クラリス,相葉夕美,鷺沢文香,川島瑞樹
1235,ある,非童貞です(※素人童貞を含む),20代,クラリス,及川雫,渋谷凛,佐藤心
1236,ある,非童貞です(※素人童貞を含む),20代,ケイト,柊志乃,緒方智絵里_鷺沢文香,荒木比奈
1237,ない,非童貞です(※素人童貞を含む),20代,渋谷凛,新田美波,緒方智絵里,高垣楓
1238,ある,非童貞です(※素人童貞を含む),10代,,三船美優,城ヶ崎美嘉,小松伊吹
1239,ない,非童貞です(※素人童貞を含む),10代,,,,
1240,ある,非童貞です(※素人童貞を含む),30代,諸星きらり,一ノ瀬志希,鷺沢文香,新田美波
1241,ない,非童貞です(※素人童貞を含む),20代,ナターリア,鷺沢文香,渋谷凛,高垣楓
1242,ある,非童貞です(※素人童貞を含む),30代,ナターリア,城ヶ崎美嘉,神崎蘭子_緒方智絵里,佐藤心
1243,ある,非童貞です(※素人童貞を含む),20代,ナターリア,新田美波,鷺沢文香_緒方智絵里,一ノ瀬志希_向井拓海
1244,ある,非童貞です(※素人童貞を含む),30代,ナターリア,ナターリア,鷺沢文香,佐藤心
1245,ある,非童貞です(※素人童貞を含む),20代,鷺沢文香,鷺沢文香,鷺沢文香,鷺沢文香
1246,ある,非童貞です(※素人童貞を含む),20代,ヘレン,赤西瑛梨華,島村卯月,松山久美子
1247,ある,非童貞です(※素人童貞を含む),20代,メアリー・コクラン,三村かな子,前川みく,諸星きらり
1248,ある,非童貞です(※素人童貞を含む),20代,メアリー・コクラン,橘ありす,佐久間まゆ,高垣楓
1249,ない,非童貞です(※素人童貞を含む),20代,ライラ,鷺沢文香,鷺沢文香,高垣楓
1250,ない,非童貞です(※素人童貞を含む),20代,ライラ,nan,,速水奏
1251,ない,非童貞です(※素人童貞を含む),20代,愛野渚,新田美波,大槻唯,一ノ瀬志希
1252,ない,非童貞です(※素人童貞を含む),30代,綾瀬穂乃香,水本ゆかり,森久保乃々,浅野風香
1253,ない,非童貞です(※素人童貞を含む),30代,綾瀬穂乃香,三船美優,鷺沢文香,川島瑞樹
1254,ない,非童貞です(※素人童貞を含む),20代,安部菜々,佐藤心,鷺沢文香,本田未央
1255,ある,非童貞です(※素人童貞を含む),20代,安部菜々,新田美波,鷺沢文香,佐久間まゆ
1256,ない,非童貞です(※素人童貞を含む),30代,安部菜々,鷺沢文香,鷺沢文香,鷺沢文香
1257,ない,非童貞です(※素人童貞を含む),30代,安部菜々,一ノ瀬志希,新田美波_本田未央,松山久美子
1258,ない,非童貞です(※素人童貞を含む),30代,安部菜々,緒方智絵里,島村卯月,高森藍子
1259,ない,非童貞です(※素人童貞を含む),30代,安部菜々,佐藤心,鷺沢文香,大槻唯
1260,ない,非童貞です(※素人童貞を含む),20代,安部菜々,堀裕子,緒方智絵里,五十嵐響子
1261,ある,非童貞です(※素人童貞を含む),30代,安部菜々,鷺沢文香,五十嵐響子,佐藤心
1262,ある,非童貞です(※素人童貞を含む),30代,安部菜々,三船美優,十時愛梨,新田美波
1263,ある,非童貞です(※素人童貞を含む),20代,安部菜々,鷺沢文香,鷺沢文香,島村卯月
1264,ない,非童貞です(※素人童貞を含む),20代,安部菜々,三船美優,小日向美穂,川島瑞樹
1265,ある,非童貞です(※素人童貞を含む),20代,安部菜々,四条貴音,鷺沢文香_佐久間まゆ_速水奏,大槻唯_城ヶ崎美嘉_神谷奈緒
1266,ある,非童貞です(※素人童貞を含む),20代,安部菜々,十時愛梨,鷺沢文香,北条加蓮
1267,ない,非童貞です(※素人童貞を含む),30代,安部菜々,新田美波,安部菜々,安部菜々
1268,ない,非童貞です(※素人童貞を含む),10代,安部菜々,三船美優,鷺沢文香,一ノ瀬志希
1269,ある,非童貞です(※素人童貞を含む),40代以上,安部菜々,三船美優,nan,nan
1270,ある,非童貞です(※素人童貞を含む),40代以上,安部菜々,三船美優,nan,nan
1271,ある,非童貞です(※素人童貞を含む),20代,安部菜々,松本沙理奈,大槻唯,川島瑞樹
1272,ない,非童貞です(※素人童貞を含む),30代,安部菜々,大槻唯,一ノ瀬志希,三船美優
1273,ある,非童貞です(※素人童貞を含む),20代,安部菜々,安部菜々,新田美波,片桐早苗
1274,ない,非童貞です(※素人童貞を含む),20代,双葉杏,nan,nan,nan
1275,ある,非童貞です(※素人童貞を含む),20代,依田芳乃,十時愛梨,速水奏,小日向美穂
1276,ない,非童貞です(※素人童貞を含む),30代,依田芳乃,乙倉悠貴,鷺沢文香,姫川友紀
1277,ある,非童貞です(※素人童貞を含む),40代以上,依田芳乃,十時愛梨,鷺沢文香,渋谷凛
1278,ある,非童貞です(※素人童貞を含む),10代,依田芳乃,水本ゆかり,新田美波,木村夏樹
1279,ある,非童貞です(※素人童貞を含む),10代,依田芳乃,三船美優,佐久間まゆ,高垣楓
1280,ない,非童貞です(※素人童貞を含む),30代,依田芳乃,城ヶ崎美嘉,鷺沢文香,新田美波
1281,ある,非童貞です(※素人童貞を含む),30代,依田芳乃,沢田麻理菜,鷺沢文香_五十嵐響子,水木聖來_藤原肇
1282,ない,非童貞です(※素人童貞を含む),20代,依田芳乃,海老原菜帆,鷺沢文香,小早川紗枝
1283,ある,非童貞です(※素人童貞を含む),20代,依田芳乃,小早川紗枝,三村かな子,片桐早苗
1284,ある,非童貞です(※素人童貞を含む),20代,一ノ瀬志希,鷺沢文香,鷺沢文香,川島瑞樹
1285,ある,非童貞です(※素人童貞を含む),30代,一ノ瀬志希,城ヶ崎美嘉,緒方智絵里,藤原肇
1286,ない,非童貞です(※素人童貞を含む),30代,一ノ瀬志希,大槻唯,,
1287,ない,非童貞です(※素人童貞を含む),20代,一ノ瀬志希,三船美優,大槻唯,鷺沢文香
1288,ある,非童貞です(※素人童貞を含む),30代,一ノ瀬志希,柊志乃,鷺沢文香,塩見周子
1289,ある,非童貞です(※素人童貞を含む),20代,一ノ瀬志希,三船美優,鷺沢文香,川島瑞樹
1290,ない,非童貞です(※素人童貞を含む),10代,一ノ瀬志希,佐藤心,本田未央,佐藤心
1291,ある,非童貞です(※素人童貞を含む),20代,一ノ瀬志希,速水奏,城ヶ崎美嘉,速水奏
1292,ない,非童貞です(※素人童貞を含む),20代,一ノ瀬志希,三船美優,鷺沢文香,nan
1293,ある,非童貞です(※素人童貞を含む),20代,一ノ瀬志希,一ノ瀬志希,櫻井桃華,塩見周子
1294,ある,非童貞です(※素人童貞を含む),20代,一ノ瀬志希,一ノ瀬志希,鷺沢文香_大槻唯,藤本里奈
1295,ある,非童貞です(※素人童貞を含む),20代,一ノ瀬志希,三船美優,新田美波,速水奏
1296,ない,非童貞です(※素人童貞を含む),20代,一ノ瀬志希,,島村卯月,一ノ瀬志希
1297,ある,非童貞です(※素人童貞を含む),30代,一ノ瀬志希,三船美優,北条加蓮,城ヶ崎美嘉
1298,ない,非童貞です(※素人童貞を含む),20代,一ノ瀬志希,三船美優,乙倉悠貴,佐藤心
1299,ある,非童貞です(※素人童貞を含む),20代,一ノ瀬志希,速水奏,緒方智絵里,高垣楓
1300,ない,非童貞です(※素人童貞を含む),20代,一ノ瀬志希,結城晴,nan,nan
1301,ない,非童貞です(※素人童貞を含む),20代,一ノ瀬志希,鷺沢文香,鷺沢文香,高垣楓
1302,ない,非童貞です(※素人童貞を含む),20代,一ノ瀬志希,柊志乃,新田美波_三船美優,佐藤心
1303,ある,非童貞です(※素人童貞を含む),20代,一ノ瀬志希,速水奏,三船美優,速水奏
1304,ある,非童貞です(※素人童貞を含む),10代,一ノ瀬志希,島村卯月,輿水幸子,相葉夕美
1305,ない,非童貞です(※素人童貞を含む),20代,塩見周子,城ヶ崎美嘉,鷺沢文香,姫川友紀
1306,ない,非童貞です(※素人童貞を含む),20代,塩見周子,,速水奏,橘ありす
1307,ない,非童貞です(※素人童貞を含む),20代,塩見周子,乙倉悠貴,緒方智絵里,塩見周子
1308,ある,非童貞です(※素人童貞を含む),20代,塩見周子,一ノ瀬志希,新田美波,川島瑞樹
1309,ある,非童貞です(※素人童貞を含む),20代,塩見周子,乙倉悠貴,鷺沢文香,本田未央
1310,ある,非童貞です(※素人童貞を含む),20代,塩見周子,,渋谷凛,速水奏_一ノ瀬志希_宮本フレデリカ_塩見周子_城ヶ崎美嘉
1311,ある,非童貞です(※素人童貞を含む),20代,塩見周子,三船美優,櫻井桃華,宮本フレデリカ
1312,ない,非童貞です(※素人童貞を含む),20代,塩見周子,松本沙理奈,本田未央,並木芽衣子
1313,ある,非童貞です(※素人童貞を含む),30代,塩見周子,片桐早苗,一ノ瀬志希,西川保奈美
1314,ある,非童貞です(※素人童貞を含む),20代,塩見周子,三船美優,鷺沢文香,高垣楓
1315,ある,非童貞です(※素人童貞を含む),20代,塩見周子,一ノ瀬志希,鷺沢文香,高垣楓
1316,ある,非童貞です(※素人童貞を含む),20代,塩見周子,姫川友紀,相葉夕美,大和亜季
1317,ある,非童貞です(※素人童貞を含む),,塩見周子,高垣楓,アナスタシア_鷺沢文香,姫川友紀
1318,ない,非童貞です(※素人童貞を含む),20代,塩見周子,新田美波,新田美波,高垣楓
1319,ない,非童貞です(※素人童貞を含む),30代,奥山沙織,西島櫂,鷺沢文香,工藤忍
1320,ある,非童貞です(※素人童貞を含む),20代,奥山沙織,海老原菜帆,大槻唯,柊志乃
1321,ない,非童貞です(※素人童貞を含む),20代,奥山沙織,高森藍子,nan,nan
1322,ある,非童貞です(※素人童貞を含む),20代,奥山沙織,松本沙理奈,五十嵐響子,大槻唯
1323,ある,非童貞です(※素人童貞を含む),10代,横山千佳,柊志乃,鷺沢文香,nan
1324,ない,非童貞です(※素人童貞を含む),30代,乙倉悠貴,大槻唯,緒方智絵里,高垣楓
1325,ない,非童貞です(※素人童貞を含む),20代,乙倉悠貴,喜多見柚,鷺沢文香,佐藤心
1326,ない,非童貞です(※素人童貞を含む),30代,乙倉悠貴,高垣楓,新田美波,渋谷凛
1327,ある,非童貞です(※素人童貞を含む),10代,乙倉悠貴,相葉夕美,十時愛梨,一ノ瀬志希
1328,ある,非童貞です(※素人童貞を含む),20代,乙倉悠貴,五十嵐響子,鷺沢文香,北条加蓮
1329,ない,非童貞です(※素人童貞を含む),20代,乙倉悠貴,新田美波,新田美波,新田美波
1330,ある,非童貞です(※素人童貞を含む),20代,乙倉悠貴,新田美波,鷺沢文香,安部菜々
1331,ない,非童貞です(※素人童貞を含む),20代,乙倉悠貴,堀裕子_三船美優_大槻唯,大槻唯,三船美優_浜川愛結奈
1332,ない,非童貞です(※素人童貞を含む),20代,乙倉悠貴,三船美優,大槻唯,黒川千秋
1333,ない,非童貞です(※素人童貞を含む),20代,乙倉悠貴,小早川紗枝,鷺沢文香,前川みく
1334,ない,非童貞です(※素人童貞を含む),30代,北条加蓮,十時愛梨,大槻唯,高森藍子
1335,ない,非童貞です(※素人童貞を含む),10代,鷹富士茄子,二宮飛鳥,渋谷凛,一ノ瀬志希
1336,ない,非童貞です(※素人童貞を含む),10代,我那覇響,城ヶ崎美嘉,,
1337,ある,非童貞です(※素人童貞を含む),30代,我那覇響,黒川千秋,佐久間まゆ,
1338,ある,非童貞です(※素人童貞を含む),20代,海老原菜帆,篠原礼,鷺沢文香,速水奏
1339,ない,非童貞です(※素人童貞を含む),20代,海老原菜帆,海老原菜帆,鷺沢文香,海老原菜帆
1340,ない,非童貞です(※素人童貞を含む),20代,海老原菜帆,海老原菜帆,,海老原菜帆
1341,ない,非童貞です(※素人童貞を含む),30代,海老原菜帆,柊志乃,鷺沢文香,川島瑞樹
1342,ない,非童貞です(※素人童貞を含む),20代,関裕美,鷺沢文香,鷺沢文香,鷺沢文香
1343,ある,非童貞です(※素人童貞を含む),40代以上,関裕美,三船美優,鷺沢文香,佐藤心
1344,ない,非童貞です(※素人童貞を含む),20代,関裕美,佐々木千枝,橘ありす,安部菜々
1345,ない,非童貞です(※素人童貞を含む),30代,関裕美,鷺沢文香,本田未央,三船美優
1346,ある,非童貞です(※素人童貞を含む),30代,関裕美,福山舞,大石泉,大槻唯
1347,ない,非童貞です(※素人童貞を含む),20代,喜多見柚,速水奏,橘ありす,鷺沢文香
1348,ない,非童貞です(※素人童貞を含む),30代,喜多見柚,海老原菜帆,城ヶ崎美嘉,高垣楓
1349,ない,非童貞です(※素人童貞を含む),20代,喜多見柚,相馬夏美,二宮飛鳥,島村卯月
1350,ある,非童貞です(※素人童貞を含む),20代,喜多見柚,三船美優,大槻唯,佐藤心
1351,ある,非童貞です(※素人童貞を含む),30代,喜多見柚,白坂小梅,五十嵐響子,鷺沢文香
1352,ある,非童貞です(※素人童貞を含む),20代,喜多見柚,海老原菜帆,鷺沢文香,本田未央
1353,ない,非童貞です(※素人童貞を含む),20代,喜多見柚,乙倉悠貴,前川みく,速水奏
1354,ない,非童貞です(※素人童貞を含む),30代,喜多日菜子,兵藤レナ,大槻唯,渋谷凛
1355,ない,非童貞です(※素人童貞を含む),30代,喜多日菜子,緒方智絵里,鷺沢文香,相葉夕美
1356,ない,非童貞です(※素人童貞を含む),20代,喜多日菜子,十時愛梨,鷺沢文香,片桐早苗
1357,ある,非童貞です(※素人童貞を含む),20代,菊地真,神谷奈緒,nan,nan
1358,ある,非童貞です(※素人童貞を含む),10代,菊地真,鷺沢文香,新田美波,赤城みりあ
1359,ない,非童貞です(※素人童貞を含む),20代,橘ありす,新田美波,大槻唯,安部菜々
1360,ある,非童貞です(※素人童貞を含む),40代以上,橘ありす,三船美優,鷺沢文香,片桐早苗
1361,ある,非童貞です(※素人童貞を含む),20代,橘ありす,鷺沢文香,大槻唯,川島瑞樹
1362,ない,非童貞です(※素人童貞を含む),30代,橘ありす,乙倉悠貴,栗原ネネ,高垣楓
1363,ある,非童貞です(※素人童貞を含む),30代,橘ありす,鷺沢文香,十時愛梨,鷺沢文香
1364,ない,非童貞です(※素人童貞を含む),20代,橘ありす,北条加蓮,nan,nan
1365,ある,非童貞です(※素人童貞を含む),20代,橘ありす,鷺沢文香,鷺沢文香,高垣楓
1366,ない,非童貞です(※素人童貞を含む),20代,橘ありす,島村卯月,渋谷凛,
1367,ある,非童貞です(※素人童貞を含む),10代,橘ありす,一ノ瀬志希,nan,nan
1368,ない,非童貞です(※素人童貞を含む),30代,橘ありす,新田美波,鷺沢文香,城ヶ崎美嘉
1369,ある,非童貞です(※素人童貞を含む),20代,橘ありす,佐々木千枝,鷺沢文香,新田美波
1370,ある,非童貞です(※素人童貞を含む),30代,橘ありす,速水奏,渋谷凛_北条加蓮_神谷奈緒,木村夏樹
1371,ない,非童貞です(※素人童貞を含む),30代,橘ありす,塩見周子,五十嵐響子,前川みく
1372,ある,非童貞です(※素人童貞を含む),20代,橘ありす,前川みく,鷺沢文香,前川みく
1373,ない,非童貞です(※素人童貞を含む),20代,橘ありす,鷺沢文香,鷺沢文香,大槻唯
1374,ない,非童貞です(※素人童貞を含む),20代,橘ありす,nan,nan,nan
1375,ある,非童貞です(※素人童貞を含む),30代,及川雫,佐々木千枝,鷺沢文香,鷺沢文香
1376,ない,非童貞です(※素人童貞を含む),20代,及川雫,三船美優,高垣楓,佐久間まゆ
1377,ない,非童貞です(※素人童貞を含む),20代,及川雫,篠原礼,nan,nan
1378,ある,非童貞です(※素人童貞を含む),20代,及川雫,及川雫,鷺沢文香,nan
1379,ある,非童貞です(※素人童貞を含む),30代,宮本フレデリカ,速水奏,五十嵐響子,速水奏
1380,ある,非童貞です(※素人童貞を含む),20代,宮本フレデリカ,木村夏樹,鷺沢文香,塩見周子_佐藤心
1381,ある,非童貞です(※素人童貞を含む),20代,宮本フレデリカ,藤居朋,鷺沢文香,nan
1382,ある,非童貞です(※素人童貞を含む),30代,宮本フレデリカ,三村かな子,島村卯月,川島瑞樹
1383,ある,非童貞です(※素人童貞を含む),20代,宮本フレデリカ,姫川友紀,赤城みりあ,速水奏
1384,ある,非童貞です(※素人童貞を含む),30代,宮本フレデリカ,城ヶ崎美嘉,鷺沢文香,塩見周子
1385,ある,非童貞です(※素人童貞を含む),30代,宮本フレデリカ,南条光,乙倉悠貴,大槻唯
1386,ある,非童貞です(※素人童貞を含む),20代,宮本フレデリカ,速水奏,一ノ瀬志希,速水奏_一ノ瀬志希_宮本フレデリカ_塩見周子_城ヶ崎美嘉
1387,ない,非童貞です(※素人童貞を含む),20代,宮本フレデリカ,十時愛梨,鷺沢文香,水木聖來
1388,ない,非童貞です(※素人童貞を含む),20代,宮本フレデリカ,佐久間まゆ,nan,nan
1389,ある,非童貞です(※素人童貞を含む),20代,宮本フレデリカ,一ノ瀬志希,鷺沢文香,一ノ瀬志希
1390,ある,非童貞です(※素人童貞を含む),20代,宮本フレデリカ,佐藤心,緒方智絵里,速水奏
1391,ある,非童貞です(※素人童貞を含む),10代,宮本フレデリカ,一ノ瀬志希,鷺沢文香,塩見周子
1392,ある,非童貞です(※素人童貞を含む),20代,宮本フレデリカ,高垣楓,渋谷凛,川島瑞樹
1393,ある,非童貞です(※素人童貞を含む),20代,宮本フレデリカ,乙倉悠貴,鷺沢文香,城ヶ崎美嘉
1394,ない,非童貞です(※素人童貞を含む),20代,宮本フレデリカ,三船美優,鷺沢文香,財前時子
1395,ある,非童貞です(※素人童貞を含む),20代,桐生つかさ,橘ありす,神崎蘭子_鷺沢文香_森久保乃々,相葉夕美_高垣楓_財前時子
1396,ある,非童貞です(※素人童貞を含む),40代以上,桐生つかさ,川島瑞樹,五十嵐響子,渋谷凛
1397,ない,非童貞です(※素人童貞を含む),20代,堀裕子,速水奏,前川みく,塩見周子
1398,ある,非童貞です(※素人童貞を含む),20代,堀裕子,一ノ瀬志希,鷺沢文香,本田未央
1399,ある,非童貞です(※素人童貞を含む),30代,栗原ネネ,栗原ネネ,鷺沢文香,安部菜々
1400,ない,非童貞です(※素人童貞を含む),20代,栗原ネネ,塩見周子,櫻井桃華,三船美優
1401,ある,非童貞です(※素人童貞を含む),20代,結城晴,松本沙理奈,乙倉悠貴,北条加蓮
1402,ない,非童貞です(※素人童貞を含む),30代,結城晴,一ノ瀬志希,十時愛梨,佐藤心
1403,ある,非童貞です(※素人童貞を含む),30代,結城晴,高森藍子,鷺沢文香_橘ありす_櫻井桃華_遊佐こずえ_赤城みりあ_緒方智絵里,本田未央_原田美世_渋谷凛_塩見周子_新田美波_三船美優
1404,ある,非童貞です(※素人童貞を含む),10代,結城晴,鷺沢文香,新田美波,荒木比奈
1405,ある,非童貞です(※素人童貞を含む),20代,結城晴,松本沙理奈,新田美波,塩見周子
1406,ない,非童貞です(※素人童貞を含む),20代,月宮雅,鷹富士茄子,鷺沢文香,速水奏
1407,ない,非童貞です(※素人童貞を含む),40代以上,原田美世,片桐早苗,佐久間まゆ,高垣楓
1408,ない,非童貞です(※素人童貞を含む),30代,古澤頼子,鷺沢文香,鷺沢文香,nan
1409,ない,非童貞です(※素人童貞を含む),30代,五十嵐響子,水本ゆかり,小早川紗枝,nan
1410,ない,非童貞です(※素人童貞を含む),20代,五十嵐響子,三船美優,鷺沢文香,
1411,ない,非童貞です(※素人童貞を含む),30代,五十嵐響子,新田美波,,
1412,ある,非童貞です(※素人童貞を含む),20代,五十嵐響子,前川みく,鷺沢文香,塩見周子_一ノ瀬志希
1413,ある,非童貞です(※素人童貞を含む),20代,五十嵐響子,,鷺沢文香,宮本フレデリカ
1414,ある,非童貞です(※素人童貞を含む),30代,五十嵐響子,乙倉悠貴,十時愛梨,三船美優
1415,ない,非童貞です(※素人童貞を含む),20代,五十嵐響子,五十嵐響子,緒方智絵里,
1416,ない,非童貞です(※素人童貞を含む),20代,五十嵐響子,城ヶ崎美嘉,新田美波,前川みく
1417,ない,非童貞です(※素人童貞を含む),30代,五十嵐響子,新田美波,nan,nan
1418,ない,非童貞です(※素人童貞を含む),30代,五十嵐響子,大槻唯,神谷奈緒_本田未央_大槻唯,
1419,ある,非童貞です(※素人童貞を含む),20代,向井拓海,向井拓海,鷺沢文香,一ノ瀬志希
1420,ある,非童貞です(※素人童貞を含む),30代,向井拓海,新田美波,鷺沢文香,三船美優
1421,ある,非童貞です(※素人童貞を含む),30代,向井拓海,nan,nan,nan
1422,ない,非童貞です(※素人童貞を含む),20代,向井拓海,佐藤心,速水奏,佐藤心
1423,ある,非童貞です(※素人童貞を含む),30代,向井拓海,柊志乃,鷺沢文香,北条加蓮
1424,ない,非童貞です(※素人童貞を含む),30代,向井拓海,白坂小梅,,
1425,ある,非童貞です(※素人童貞を含む),30代,工藤忍,本田未央,十時愛梨,川島瑞樹
1426,ない,非童貞です(※素人童貞を含む),30代,工藤忍,十時愛梨,城ヶ崎美嘉,三村かな子
1427,ある,非童貞です(※素人童貞を含む),20代,輿水幸子,鷺沢文香,大槻唯,佐藤心
1428,ある,非童貞です(※素人童貞を含む),30代,荒木比奈,新田美波,鷺沢文香,nan
1429,ない,非童貞です(※素人童貞を含む),20代,荒木比奈,鷺沢文香,三村かな子_高森藍子_相葉夕美,大槻唯
1430,ある,非童貞です(※素人童貞を含む),20代,荒木比奈,塩見周子,大槻唯,松本沙理奈
1431,ない,非童貞です(※素人童貞を含む),30代,荒木比奈,海老原菜帆,鷺沢文香,北条加蓮
1432,ない,非童貞です(※素人童貞を含む),40代以上,荒木比奈,新田美波,龍崎薫,三船美優
1433,ある,非童貞です(※素人童貞を含む),20代,荒木比奈,鷺沢文香,鷺沢文香,北条加蓮
1434,ある,非童貞です(※素人童貞を含む),20代,荒木比奈,大槻唯,鷺沢文香,高垣楓
1435,ある,非童貞です(※素人童貞を含む),20代,高垣楓,一ノ瀬志希,城ヶ崎美嘉,姫川友紀
1436,ない,非童貞です(※素人童貞を含む),40代以上,高垣楓,,島村卯月_新田美波_相葉夕美,高垣楓_一ノ瀬志希_持田亜里沙
1437,ない,非童貞です(※素人童貞を含む),20代,高垣楓,nan,nan,nan
1438,ある,非童貞です(※素人童貞を含む),20代,高垣楓,新田美波,鷺沢文香,nan
1439,ない,非童貞です(※素人童貞を含む),20代,高垣楓,三船美優,大槻唯,木村夏樹
1440,ある,非童貞です(※素人童貞を含む),20代,高垣楓,大槻唯,新田美波,速水奏
1441,ない,非童貞です(※素人童貞を含む),20代,高垣楓,,,
1442,ある,非童貞です(※素人童貞を含む),20代,高垣楓,前川みく,新田美波,高垣楓
1443,ない,非童貞です(※素人童貞を含む),40代以上,高垣楓,三村かな子,,
1444,ある,非童貞です(※素人童貞を含む),20代,高垣楓,一ノ瀬志希,鷺沢文香,nan
1445,ない,非童貞です(※素人童貞を含む),20代,高垣楓,三船美優,佐城雪美,宮本フレデリカ
1446,ない,非童貞です(※素人童貞を含む),30代,高垣楓,松本沙理奈,島村卯月,姫川友紀
1447,ない,非童貞です(※素人童貞を含む),30代,高垣楓,鷺沢文香,nan,nan
1448,ある,非童貞です(※素人童貞を含む),20代,高垣楓,高垣楓,十時愛梨_鷺沢文香,前川みく_島村卯月
1449,ある,非童貞です(※素人童貞を含む),10代,高垣楓,本田未央,本田未央,一ノ瀬志希
1450,ない,非童貞です(※素人童貞を含む),30代,高垣楓,城ヶ崎美嘉,大槻唯_新田美波_鷺沢文香,三船美優
1451,ある,非童貞です(※素人童貞を含む),20代,高垣楓,鷹富士茄子,渋谷凛,アナスタシア
1452,ある,非童貞です(※素人童貞を含む),20代,高垣楓,前川みく,渋谷凛,佐藤心
1453,ない,非童貞です(※素人童貞を含む),30代,高垣楓,nan,新田美波,大槻唯
1454,ない,非童貞です(※素人童貞を含む),10代,高垣楓,三船美優,大槻唯,三船美優
1455,ある,非童貞です(※素人童貞を含む),20代,高垣楓,高垣楓,鷺沢文香,片桐早苗_城ヶ崎美嘉
1456,ない,非童貞です(※素人童貞を含む),30代,高垣楓,鷺沢文香,三船美優,nan
1457,ある,非童貞です(※素人童貞を含む),20代,高垣楓,新田美波,鷺沢文香,高垣楓
1458,ある,非童貞です(※素人童貞を含む),30代,高垣楓,高垣楓,,高垣楓
1459,ある,非童貞です(※素人童貞を含む),30代,高垣楓,三船美優,新田美波,財前時子
1460,ある,非童貞です(※素人童貞を含む),30代,高橋礼子,高橋礼子,鷺沢文香,速水奏
1461,ない,非童貞です(※素人童貞を含む),40代以上,高橋礼子,高橋礼子,島村卯月,高垣楓
1462,ない,非童貞です(※素人童貞を含む),20代,,大槻唯,鷺沢文香,神谷奈緒
1463,ある,非童貞です(※素人童貞を含む),20代,高森藍子,相葉夕美,鷺沢文香,佐藤心
1464,ある,非童貞です(※素人童貞を含む),30代,高森藍子,三船美優,鷺沢文香,大槻唯
1465,ある,非童貞です(※素人童貞を含む),20代,高森藍子,新田美波,島村卯月,佐久間まゆ
1466,ない,非童貞です(※素人童貞を含む),30代,高森藍子,高森藍子,十時愛梨,高垣楓
1467,ない,非童貞です(※素人童貞を含む),30代,高森藍子,三船美優,nan,nan
1468,ある,非童貞です(※素人童貞を含む),20代,高森藍子,島村卯月,鷺沢文香,新田美波
1469,ある,非童貞です(※素人童貞を含む),20代,高森藍子,堀裕子,緒方智絵里,大槻唯
1470,ある,非童貞です(※素人童貞を含む),30代,高森藍子,高森藍子,十時愛梨,高森藍子
1471,ない,非童貞です(※素人童貞を含む),20代,高森藍子,本田未央,五十嵐響子,大槻唯
1472,ある,非童貞です(※素人童貞を含む),20代,高森藍子,大槻唯,高森藍子,速水奏
1473,ある,非童貞です(※素人童貞を含む),20代,高森藍子,佐藤心,片桐早苗,日野茜
1474,ない,非童貞です(※素人童貞を含む),20代,高森藍子,兵藤レナ,城ヶ崎美嘉,桐生つかさ
1475,ある,非童貞です(※素人童貞を含む),20代,高森藍子,鷺沢文香,鷺沢文香,姫川友紀
1476,ない,非童貞です(※素人童貞を含む),20代,高槻やよい,本田未央,鷺沢文香,双葉杏
1477,ある,非童貞です(※素人童貞を含む),20代,高槻やよい,速水奏,萩原雪歩,星井美希
1478,ある,非童貞です(※素人童貞を含む),20代,高槻やよい,斉藤洋子,鷺沢文香,北条加蓮
1479,ない,非童貞です(※素人童貞を含む),20代,高峯のあ,nan,鷺沢文香,本田未央
1480,ある,非童貞です(※素人童貞を含む),20代,高峯のあ,佐々木千枝,鷺沢文香,安部菜々
1481,ある,非童貞です(※素人童貞を含む),20代,高峯のあ,向井拓海,鷺沢文香,前川みく
1482,ある,非童貞です(※素人童貞を含む),20代,高峯のあ,三船美優,水本ゆかり,城ヶ崎美嘉
1483,ある,非童貞です(※素人童貞を含む),30代,黒川千秋,一ノ瀬志希,緒方智絵里_小日向美穂_鷺沢文香_佐々木千枝,塩見周子_川島瑞樹_柊志乃_星井美希
1484,ある,非童貞です(※素人童貞を含む),30代,今井加奈,松永涼,本田未央,財前時子
1485,ある,非童貞です(※素人童貞を含む),20代,今井加奈,今井加奈,緒方智絵里,大槻唯
1486,ない,非童貞です(※素人童貞を含む),40代以上,今井加奈,大槻唯,大槻唯,大槻唯
1487,ある,非童貞です(※素人童貞を含む),20代,今井加奈,神谷奈緒,nan,nan
1488,ない,非童貞です(※素人童貞を含む),30代,佐々木千枝,鷺沢文香,鷺沢文香,三船美優
1489,ある,非童貞です(※素人童貞を含む),20代,佐々木千枝,三船美優,本田未央,赤城みりあ
1490,ない,非童貞です(※素人童貞を含む),20代,佐々木千枝,依田芳乃,佐久間まゆ,北条加蓮
1491,ある,非童貞です(※素人童貞を含む),20代,佐々木千枝,十時愛梨,緒方智絵里,三村かな子
1492,ない,非童貞です(※素人童貞を含む),30代,佐々木千枝,新田美波,本田未央,三船美優
1493,ある,非童貞です(※素人童貞を含む),20代,佐々木千枝,兵藤レナ,緒方智絵里,高垣楓
1494,ない,非童貞です(※素人童貞を含む),30代,佐々木千枝,宮本フレデリカ,本田未央,財前時子
1495,ある,非童貞です(※素人童貞を含む),20代,佐々木千枝,及川雫,島村卯月,ルーキートレーナー
1496,ある,非童貞です(※素人童貞を含む),20代,佐久間まゆ,鷺沢文香,三船美優,相馬夏美
1497,ある,非童貞です(※素人童貞を含む),20代,佐久間まゆ,緒方智絵里,鷺沢文香,佐藤心
1498,ない,非童貞です(※素人童貞を含む),30代,佐久間まゆ,財前時子,十時愛梨,高垣楓
1499,ない,非童貞です(※素人童貞を含む),20代,佐久間まゆ,鷺沢文香,城ヶ崎美嘉,島村卯月
1500,ない,非童貞です(※素人童貞を含む),20代,佐久間まゆ,大槻唯,新田美波,速水奏
1501,ある,非童貞です(※素人童貞を含む),20代,佐久間まゆ,nan,nan,nan
1502,ない,非童貞です(※素人童貞を含む),20代,佐久間まゆ,三船美優,鷺沢文香,五十嵐響子
1503,ない,非童貞です(※素人童貞を含む),20代,佐久間まゆ,本田未央,島村卯月,松本沙理奈
1504,ある,非童貞です(※素人童貞を含む),20代,佐久間まゆ,緒方智絵里,鷺沢文香,新田美波
1505,ある,非童貞です(※素人童貞を含む),20代,佐久間まゆ,小早川紗枝,鷺沢文香,
1506,ない,非童貞です(※素人童貞を含む),10代,佐久間まゆ,三船美優,鷺沢文香,新田美波
1507,ある,非童貞です(※素人童貞を含む),20代,佐久間まゆ,,城ヶ崎美嘉,三村かな子
1508,ない,非童貞です(※素人童貞を含む),30代,佐久間まゆ,高峯のあ,新田美波,桃井あずき
1509,ある,非童貞です(※素人童貞を含む),30代,佐久間まゆ,新田美波,三船美優,城ヶ崎美嘉
1510,ある,非童貞です(※素人童貞を含む),20代,佐久間まゆ,大槻唯,鷺沢文香,大槻唯
1511,ある,非童貞です(※素人童貞を含む),30代,佐久間まゆ,佐々木千枝,鷺沢文香,本田未央
1512,ない,非童貞です(※素人童貞を含む),20代,佐久間まゆ,十時愛梨,,
1513,ある,非童貞です(※素人童貞を含む),20代,佐久間まゆ,鷺沢文香,鷺沢文香,大槻唯
1514,ある,非童貞です(※素人童貞を含む),20代,佐久間まゆ,佐藤心,三船美優,塩見周子
1515,ない,非童貞です(※素人童貞を含む),20代,佐久間まゆ,兵藤レナ,鷺沢文香,東郷あい
1516,ある,非童貞です(※素人童貞を含む),20代,佐久間まゆ,佐藤心,前川みく,高垣楓
1517,ある,非童貞です(※素人童貞を含む),30代,佐久間まゆ,佐久間まゆ,橘ありす_龍崎薫_赤城みりあ,高垣楓
1518,ない,非童貞です(※素人童貞を含む),20代,佐久間まゆ,,赤城みりあ,高垣楓
1519,ある,非童貞です(※素人童貞を含む),30代,佐久間まゆ,三船美優,鷺沢文香_神崎蘭子,川島瑞樹
1520,ある,非童貞です(※素人童貞を含む),10代,佐久間まゆ,nan,鷺沢文香,nan
1521,ある,非童貞です(※素人童貞を含む),30代,佐久間まゆ,新田美波,,
1522,ない,非童貞です(※素人童貞を含む),20代,佐久間まゆ,神谷奈緒,鷺沢文香,大槻唯
1523,ある,非童貞です(※素人童貞を含む),20代,佐久間まゆ,一ノ瀬志希,鷺沢文香,
1524,ない,非童貞です(※素人童貞を含む),10代,佐久間まゆ,鷺沢文香,nan,nan
1525,ある,非童貞です(※素人童貞を含む),20代,佐久間まゆ,大石泉,神崎蘭子,安部菜々
1526,ない,非童貞です(※素人童貞を含む),10代,佐久間まゆ,三船美優,城ヶ崎美嘉,高垣楓
1527,ある,非童貞です(※素人童貞を含む),20代,佐久間まゆ,楊菲菲,鷺沢文香,本田未央
1528,ない,非童貞です(※素人童貞を含む),20代,佐久間まゆ,十時愛梨,十時愛梨,高垣楓
1529,ある,非童貞です(※素人童貞を含む),20代,佐久間まゆ,十時愛梨,鷺沢文香,nan
1530,ある,非童貞です(※素人童貞を含む),20代,佐久間まゆ,前川みく,新田美波,一ノ瀬志希
1531,ある,非童貞です(※素人童貞を含む),20代,佐久間まゆ,神谷奈緒,高森藍子,島村卯月
1532,ある,非童貞です(※素人童貞を含む),20代,佐久間まゆ,佐藤心,佐久間まゆ,佐久間まゆ
1533,ない,非童貞です(※素人童貞を含む),30代,佐久間まゆ,佐久間まゆ,緒方智絵里,塩見周子
1534,ある,非童貞です(※素人童貞を含む),10代,佐久間まゆ,鷺沢文香,五十嵐響子,本田未央
1535,ない,非童貞です(※素人童貞を含む),20代,佐城雪美,日下部若葉,鷺沢文香,本田未央
1536,ない,非童貞です(※素人童貞を含む),20代,佐城雪美,三船美優,高森藍子_大沼くるみ_鷺沢文香_赤城みりあ,本田未央_宮本フレデリカ
1537,ある,非童貞です(※素人童貞を含む),20代,佐城雪美,兵藤レナ,鷺沢文香,佐藤心
1538,ある,非童貞です(※素人童貞を含む),20代,佐藤心,,鷺沢文香,宮本フレデリカ
1539,ある,非童貞です(※素人童貞を含む),30代,佐藤心,片桐早苗,城ヶ崎美嘉,三船美優
1540,ない,非童貞です(※素人童貞を含む),20代,佐藤心,佐藤心,五十嵐響子,ヘレン
1541,ない,非童貞です(※素人童貞を含む),20代,佐藤心,,鷺沢文香_大槻唯_三船美優,松永涼
1542,ある,非童貞です(※素人童貞を含む),20代,佐藤心,鷺沢文香,鷺沢文香,佐藤心
1543,ある,非童貞です(※素人童貞を含む),10代,佐藤心,速水奏,五十嵐響子,安部菜々
1544,ある,非童貞です(※素人童貞を含む),30代,佐藤心,小早川紗枝,鷺沢文香,大槻唯
1545,ある,非童貞です(※素人童貞を含む),20代,佐藤心,速水奏,鷺沢文香,佐藤心
1546,ない,非童貞です(※素人童貞を含む),20代,佐藤心,向井拓海,緒方智絵里,
1547,ない,非童貞です(※素人童貞を含む),30代,佐藤心,新田美波,佐久間まゆ_五十嵐響子,高垣楓_新田美波
1548,ある,非童貞です(※素人童貞を含む),20代,佐藤心,鷺沢文香,荒木比奈,nan
1549,ある,非童貞です(※素人童貞を含む),20代,佐藤心,三船美優,鷺沢文香,高垣楓
1550,ある,非童貞です(※素人童貞を含む),20代,佐藤心,大和亜季,鷺沢文香,nan
1551,ない,非童貞です(※素人童貞を含む),20代,佐藤心,松本沙理奈,大槻唯_新田美波,速水奏_宮本フレデリカ
1552,ある,非童貞です(※素人童貞を含む),20代,佐藤心,速水奏,鷺沢文香,本田未央
1553,ある,非童貞です(※素人童貞を含む),20代,佐藤心,鷺沢文香,新田美波,本田未央
1554,ある,非童貞です(※素人童貞を含む),20代,財前時子,高橋礼子,鷺沢文香,松本沙理奈
1555,ある,非童貞です(※素人童貞を含む),20代,鷺沢文香,三村かな子,佐久間まゆ,川島瑞樹
1556,ある,非童貞です(※素人童貞を含む),30代,鷺沢文香,十時愛梨,鷺沢文香_三船美優_新田美波,速水奏_宮本フレデリカ
1557,ない,非童貞です(※素人童貞を含む),30代,鷺沢文香,三船美優,神崎蘭子,新田美波
1558,ある,非童貞です(※素人童貞を含む),10代,鷺沢文香,大槻唯,及川雫,一ノ瀬志希
1559,ある,非童貞です(※素人童貞を含む),20代,鷺沢文香,松本沙理奈,鷺沢文香_荒木比奈_三好紗南,nan
1560,ある,非童貞です(※素人童貞を含む),20代,鷺沢文香,一ノ瀬志希,鷺沢文香,一ノ瀬志希
1561,ない,非童貞です(※素人童貞を含む),20代,鷺沢文香,鷺沢文香,新田美波,本田未央
1562,ある,非童貞です(※素人童貞を含む),20代,鷺沢文香,十時愛梨,神崎蘭子_片桐早苗,三船美優_財前時子_安部菜々
1563,ある,非童貞です(※素人童貞を含む),20代,鷺沢文香,一ノ瀬志希,佐藤心,アナスタシア
1564,ある,非童貞です(※素人童貞を含む),20代,鷺沢文香,松本沙理奈,新田美波,川島瑞樹
1565,ある,非童貞です(※素人童貞を含む),20代,鷺沢文香,鷺沢文香,橘ありす,一ノ瀬志希
1566,ない,非童貞です(※素人童貞を含む),20代,鷺沢文香,鷺沢文香,安部菜々,高垣楓
1567,ない,非童貞です(※素人童貞を含む),20代,鷺沢文香,鷺沢文香,安部菜々,高垣楓
1568,ある,非童貞です(※素人童貞を含む),30代,鷺沢文香,nan,nan,nan
1569,ある,非童貞です(※素人童貞を含む),30代,鷺沢文香,高垣楓,小日向美穂,三船美優
1570,ない,非童貞です(※素人童貞を含む),20代,鷺沢文香,佐久間まゆ,新田美波,新田美波
1571,ある,非童貞です(※素人童貞を含む),20代,鷺沢文香,nan,nan,nan
1572,ある,非童貞です(※素人童貞を含む),20代,三浦あずさ,大槻唯,大槻唯_鷺沢文香_城ヶ崎美嘉,諸星きらり
1573,ある,非童貞です(※素人童貞を含む),30代,三船美優,姫川友紀,城ヶ崎美嘉,渋谷凛
1574,ある,非童貞です(※素人童貞を含む),30代,三船美優,輿水幸子,十時愛梨,nan
1575,ある,非童貞です(※素人童貞を含む),30代,三船美優,三船美優,鷺沢文香,桐生つかさ
1576,ある,非童貞です(※素人童貞を含む),20代,三船美優,新田美波,鷺沢文香,川島瑞樹
1577,ある,非童貞です(※素人童貞を含む),30代,三船美優,三船美優,鷺沢文香,高垣楓
1578,ある,非童貞です(※素人童貞を含む),20代,三船美優,三船美優,大槻唯,三船美優
1579,ない,非童貞です(※素人童貞を含む),40代以上,三船美優,三船美優,白坂小梅,安部菜々
1580,ある,非童貞です(※素人童貞を含む),40代以上,三船美優,鷺沢文香,鷺沢文香,鷺沢文香
1581,ある,非童貞です(※素人童貞を含む),40代以上,三船美優,三船美優,鷺沢文香,三村かな子
1582,ない,非童貞です(※素人童貞を含む),20代,三船美優,大槻唯,鷺沢文香,城ヶ崎美嘉
1583,ある,非童貞です(※素人童貞を含む),30代,三船美優,安部菜々,nan,nan
1584,ない,非童貞です(※素人童貞を含む),30代,三船美優,鷺沢文香,鷺沢文香,十時愛梨
1585,ない,非童貞です(※素人童貞を含む),20代,三船美優,速水奏,新田美波,宮本フレデリカ
1586,ある,非童貞です(※素人童貞を含む),20代,三船美優,十時愛梨,鷺沢文香,沢田麻理菜
1587,ある,非童貞です(※素人童貞を含む),30代,三船美優,新田美波,鷺沢文香,向井拓海
1588,ある,非童貞です(※素人童貞を含む),30代,三船美優,城ヶ崎美嘉,鷺沢文香,高垣楓
1589,ない,非童貞です(※素人童貞を含む),20代,三船美優,高垣楓,櫻井桃華,速水奏
1590,ない,非童貞です(※素人童貞を含む),20代,三村かな子,松本沙理奈,鷺沢文香,
1591,ある,非童貞です(※素人童貞を含む),20代,三村かな子,前川みく,鷺沢文香,姫川友紀
1592,ない,非童貞です(※素人童貞を含む),30代,三村かな子,十時愛梨,佐久間まゆ,佐藤心
1593,ある,非童貞です(※素人童貞を含む),20代,三村かな子,三村かな子,新田美波_鷺沢文香_赤城みりあ,新田美波_相葉夕美_浅野風香
1594,ある,非童貞です(※素人童貞を含む),20代,三村かな子,速水奏,鷺沢文香,高垣楓
1595,ない,非童貞です(※素人童貞を含む),20代,三村かな子,,,
1596,ない,非童貞です(※素人童貞を含む),30代,三村かな子,新田美波,鷺沢文香,北条加蓮
1597,ある,非童貞です(※素人童貞を含む),20代,四条貴音,,島村卯月,
1598,ある,非童貞です(※素人童貞を含む),20代,四条貴音,nan,nan,nan
1599,ある,非童貞です(※素人童貞を含む),20代,四条貴音,四条貴音,鷺沢文香,城ヶ崎美嘉
1600,ない,非童貞です(※素人童貞を含む),30代,市原仁奈,三船美優,及川雫,篠原礼
1601,ない,非童貞です(※素人童貞を含む),20代,市原仁奈,佐々木千枝,大石泉,市原仁奈
1602,ない,非童貞です(※素人童貞を含む),20代,一ノ瀬志希,塩見周子,大槻唯,佐藤心
1603,ない,非童貞です(※素人童貞を含む),30代,一ノ瀬志希,,鷺沢文香,高垣楓
1604,ある,非童貞です(※素人童貞を含む),20代,氏家むつみ,白菊ほたる,鷺沢文香,高森藍子
1605,ない,非童貞です(※素人童貞を含む),20代,持田亜里沙,持田亜里沙,鷺沢文香,松本沙理奈
1606,ある,非童貞です(※素人童貞を含む),30代,若林智香,新田美波,新田美波,川島瑞樹
1607,ある,非童貞です(※素人童貞を含む),20代,脇山珠美,大槻唯,大槻唯,十時愛梨
1608,ある,非童貞です(※素人童貞を含む),30代,秋月律子,nan,渋谷凛_城ヶ崎美嘉,nan
1609,ある,非童貞です(※素人童貞を含む),40代以上,秋月律子,星井美希,星井美希,nan
1610,ない,非童貞です(※素人童貞を含む),20代,十時愛梨,鷺沢文香,鷺沢文香,高垣楓
1611,ある,非童貞です(※素人童貞を含む),30代,渋谷凛,nan,nan,nan
1612,ある,非童貞です(※素人童貞を含む),30代,渋谷凛,十時愛梨,鷺沢文香,三船美優
1613,ある,非童貞です(※素人童貞を含む),20代,渋谷凛,渋谷凛,nan,nan
1614,ない,非童貞です(※素人童貞を含む),30代,渋谷凛,高垣楓,赤城みりあ,高垣楓
1615,ある,非童貞です(※素人童貞を含む),20代,渋谷凛,片桐早苗,鷺沢文香,新田美波
1616,ない,非童貞です(※素人童貞を含む),20代,渋谷凛,向井拓海,本田未央,高垣楓
1617,ある,非童貞です(※素人童貞を含む),30代,渋谷凛,城ヶ崎美嘉,鷺沢文香,三村かな子
1618,ない,非童貞です(※素人童貞を含む),20代,渋谷凛,三船美優,鷺沢文香,塩見周子
1619,ない,非童貞です(※素人童貞を含む),30代,渋谷凛,大槻唯,鷺沢文香,木村夏樹
1620,ない,非童貞です(※素人童貞を含む),20代,渋谷凛,nan,nan,nan
1621,ない,非童貞です(※素人童貞を含む),20代,渋谷凛,大槻唯,大槻唯,新田美波
1622,ある,非童貞です(※素人童貞を含む),20代,渋谷凛,新田美波,鷺沢文香,大槻唯
1623,ある,非童貞です(※素人童貞を含む),20代,渋谷凛,新田美波,新田美波,鷺沢文香
1624,ない,非童貞です(※素人童貞を含む),40代以上,渋谷凛,nan,,
1625,ある,非童貞です(※素人童貞を含む),20代,渋谷凛,新田美波,新田美波,
1626,ない,非童貞です(※素人童貞を含む),20代,渋谷凛,水本ゆかり,十時愛梨,五十嵐響子
1627,ある,非童貞です(※素人童貞を含む),20代,緒方智絵里,渋谷凛,五十嵐響子,柳瀬美由紀
1628,ない,非童貞です(※素人童貞を含む),40代以上,緒方智絵里,片桐早苗,島村卯月,赤城みりあ
1629,ない,非童貞です(※素人童貞を含む),20代,緒方智絵里,三船美優,,
1630,ある,非童貞です(※素人童貞を含む),20代,緒方智絵里,高森藍子,新田美波,高垣楓
1631,ない,非童貞です(※素人童貞を含む),30代,緒方智絵里,アナスタシア,橘ありす,佐藤心
1632,ある,非童貞です(※素人童貞を含む),20代,緒方智絵里,白菊ほたる,緒方智絵里,速水奏
1633,ある,非童貞です(※素人童貞を含む),20代,緒方智絵里,一ノ瀬志希,緒方智絵里,本田未央
1634,ない,非童貞です(※素人童貞を含む),20代,緒方智絵里,,鷺沢文香,
1635,ない,非童貞です(※素人童貞を含む),30代,緒方智絵里,大石泉,緒方智絵里,一ノ瀬志希
1636,ある,非童貞です(※素人童貞を含む),20代,緒方智絵里,新田美波,緒方智絵里_新田美波,三船美優
1637,ある,非童貞です(※素人童貞を含む),20代,緒方智絵里,三船美優,橘ありす,城ヶ崎美嘉
1638,ある,非童貞です(※素人童貞を含む),30代,緒方智絵里,十時愛梨,高森藍子,北条加蓮
1639,ない,非童貞です(※素人童貞を含む),20代,緒方智絵里,新田美波,nan,速水奏
1640,ない,非童貞です(※素人童貞を含む),30代,緒方智絵里,本田未央,渋谷凛,本田未央
1641,ない,非童貞です(※素人童貞を含む),20代,緒方智絵里,相葉夕美,北条加蓮,高垣楓
1642,ある,非童貞です(※素人童貞を含む),30代,緒方智絵里,十時愛梨,鷺沢文香,安部菜々
1643,ない,非童貞です(※素人童貞を含む),20代,諸星きらり,及川雫,本田未央,nan
1644,ない,非童貞です(※素人童貞を含む),20代,諸星きらり,鷺沢文香,鷺沢文香,新田美波
1645,ない,非童貞です(※素人童貞を含む),40代以上,諸星きらり,及川雫,及川雫,島村卯月_渋谷凛_本田未央
1646,ない,非童貞です(※素人童貞を含む),30代,諸星きらり,鷺沢文香,鷺沢文香,高垣楓
1647,ない,非童貞です(※素人童貞を含む),30代,諸星きらり,,,
1648,ある,非童貞です(※素人童貞を含む),20代,諸星きらり,高橋礼子,福山舞_櫻井桃華,三村かな子_白菊ほたる
1649,ない,非童貞です(※素人童貞を含む),20代,諸星きらり,大槻唯,鷺沢文香,佐久間まゆ
1650,ある,非童貞です(※素人童貞を含む),40代以上,諸星きらり,赤城みりあ,龍崎薫,宮本フレデリカ
1651,ある,非童貞です(※素人童貞を含む),30代,諸星きらり,佐藤心,鷺沢文香,三船美優
1652,ある,非童貞です(※素人童貞を含む),20代,小関麗奈,城ヶ崎莉嘉,白坂小梅,佐藤心
1653,ない,非童貞です(※素人童貞を含む),20代,小関麗奈,佐久間まゆ,渋谷凛,北条加蓮
1654,ある,非童貞です(※素人童貞を含む),20代,小早川紗枝,水木聖來,十時愛梨_城ヶ崎美嘉,松本沙理奈
1655,ある,非童貞です(※素人童貞を含む),30代,小早川紗枝,海老原菜帆,鷺沢文香,兵藤レナ
1656,ある,非童貞です(※素人童貞を含む),20代,小早川紗枝,鷺沢文香,鷺沢文香,大槻唯
1657,ある,非童貞です(※素人童貞を含む),20代,小早川紗枝,鷺沢文香,橘ありす,一ノ瀬志希
1658,ない,非童貞です(※素人童貞を含む),20代,小早川紗枝,姫川友紀,城ヶ崎美嘉,高垣楓
1659,ある,非童貞です(※素人童貞を含む),20代,小早川紗枝,佐々木千枝,鷺沢文香_緒方智絵里,塩見周子
1660,ある,非童貞です(※素人童貞を含む),20代,小早川紗枝,前川みく,鷺沢文香,新田美波
1661,ある,非童貞です(※素人童貞を含む),20代,小早川紗枝,新田美波,大槻唯,諸星きらり
1662,ある,非童貞です(※素人童貞を含む),20代,小早川紗枝,新田美波,大槻唯,諸星きらり
1663,ない,非童貞です(※素人童貞を含む),20代,小早川紗枝,大槻唯,大槻唯,速水奏
1664,ある,非童貞です(※素人童貞を含む),20代,小早川紗枝,nan,nan,nan
1665,ある,非童貞です(※素人童貞を含む),30代,小早川紗枝,nan,鷺沢文香,諸星きらり
1666,ある,非童貞です(※素人童貞を含む),20代,小早川紗枝,三船美優,大沼くるみ,大槻唯
1667,ある,非童貞です(※素人童貞を含む),30代,小日向美穂,的場梨沙,鷺沢文香,川島瑞樹
1668,ある,非童貞です(※素人童貞を含む),20代,小日向美穂,三村かな子,新田美波,大槻唯
1669,ない,非童貞です(※素人童貞を含む),20代,小日向美穂,nan,nan,nan
1670,ある,非童貞です(※素人童貞を含む),20代,小日向美穂,片桐早苗,緒方智絵里,塩見周子
1671,ない,非童貞です(※素人童貞を含む),30代,小日向美穂,新田美波,鷺沢文香,大槻唯
1672,ある,非童貞です(※素人童貞を含む),20代,小日向美穂,nan,nan,nan
1673,ない,非童貞です(※素人童貞を含む),20代,小日向美穂,小日向美穂,小日向美穂,原田美世
1674,ある,非童貞です(※素人童貞を含む),20代,小日向美穂,十時愛梨,鷺沢文香,大槻唯
1675,ある,非童貞です(※素人童貞を含む),30代,小日向美穂,松本沙理奈,大槻唯,大槻唯
1676,ある,非童貞です(※素人童貞を含む),20代,小日向美穂,兵藤レナ,速水奏,安部菜々
1677,ある,非童貞です(※素人童貞を含む),20代,小日向美穂,鷺沢文香,鷺沢文香,高垣楓
1678,ない,非童貞です(※素人童貞を含む),20代,小日向美穂,鷺沢文香,新田美波,高垣楓
1679,ない,非童貞です(※素人童貞を含む),20代,小日向美穂,鷹富士茄子,新田美波,新田美波
1680,ない,非童貞です(※素人童貞を含む),20代,小日向美穂,新田美波,nan,nan
1681,ある,非童貞です(※素人童貞を含む),10代,小日向美穂,鷹富士茄子,鷺沢文香,鷹富士茄子
1682,ある,非童貞です(※素人童貞を含む),20代,小日向美穂,鷺沢文香,神崎蘭子,三船美優
1683,ない,非童貞です(※素人童貞を含む),20代,小日向美穂,櫻井桃華,乙倉悠貴,島村卯月
1684,ない,非童貞です(※素人童貞を含む),20代,小日向美穂,nan,鷺沢文香,川島瑞樹
1685,ない,非童貞です(※素人童貞を含む),10代,小日向美穂,nan,小日向美穂,十時愛梨
1686,ない,非童貞です(※素人童貞を含む),20代,小日向美穂,大槻唯,城ヶ崎美嘉,nan
1687,ない,非童貞です(※素人童貞を含む),20代,松永涼,大槻唯,大槻唯,
1688,ある,非童貞です(※素人童貞を含む),30代,松永涼,三船美優,八神マキノ,小日向美穂
1689,ある,非童貞です(※素人童貞を含む),30代,松尾千鶴,佐城雪美,鷺沢文香,宮本フレデリカ
1690,ある,非童貞です(※素人童貞を含む),30代,松尾千鶴,堀裕子,鷺沢文香,川島瑞樹
1691,ない,非童貞です(※素人童貞を含む),20代,松尾千鶴,海老原菜帆,nan,nan
1692,ない,非童貞です(※素人童貞を含む),30代,松本沙理奈,三船美優,鷺沢文香,安部菜々
1693,ない,非童貞です(※素人童貞を含む),20代,松本沙理奈,松本沙理奈,片桐早苗,川島瑞樹
1694,ある,非童貞です(※素人童貞を含む),30代,上条春菜,大槻唯,島村卯月,安部菜々
1695,ない,非童貞です(※素人童貞を含む),20代,上条春菜,高垣楓,鷺沢文香,神谷奈緒
1696,ない,非童貞です(※素人童貞を含む),30代,上条春菜,十時愛梨,nan,nan
1697,ある,非童貞です(※素人童貞を含む),40代以上,上条春菜,松本沙理奈,荒木比奈,川島瑞樹
1698,ある,非童貞です(※素人童貞を含む),20代,城ヶ崎美嘉,新田美波,宮本フレデリカ,鷺沢文香
1699,ある,非童貞です(※素人童貞を含む),30代,城ヶ崎美嘉,塩見周子,新田美波_鷺沢文香,速水奏
1700,ある,非童貞です(※素人童貞を含む),10代,城ヶ崎美嘉,槙原志保,鷺沢文香_緒方智絵里_佐久間まゆ,三村かな子
1701,ない,非童貞です(※素人童貞を含む),30代,城ヶ崎美嘉,乙倉悠貴,鷺沢文香,塩見周子
1702,ない,非童貞です(※素人童貞を含む),20代,城ヶ崎美嘉,城ヶ崎美嘉,大槻唯,高垣楓
1703,ある,非童貞です(※素人童貞を含む),20代,城ヶ崎美嘉,三船美優,鷺沢文香,高橋礼子
1704,ない,非童貞です(※素人童貞を含む),20代,城ヶ崎美嘉,城ヶ崎美嘉,渋谷凛,nan
1705,ない,非童貞です(※素人童貞を含む),10代,城ヶ崎美嘉,新田美波,鷺沢文香,三船美優
1706,ある,非童貞です(※素人童貞を含む),20代,城ヶ崎美嘉,三船美優,鷺沢文香,大槻唯
1707,ない,非童貞です(※素人童貞を含む),20代,城ヶ崎美嘉,及川雫,鷺沢文香,北条加蓮
1708,ない,非童貞です(※素人童貞を含む),30代,城ヶ崎美嘉,結城晴,及川雫,乙倉悠貴
1709,ある,非童貞です(※素人童貞を含む),40代以上,城ヶ崎美嘉,大槻唯,渋谷凛,大槻唯
1710,ある,非童貞です(※素人童貞を含む),20代,城ヶ崎莉嘉,高橋礼子,新田美波_鷺沢文香,川島瑞樹
1711,ある,非童貞です(※素人童貞を含む),10代,城ヶ崎莉嘉,結城晴,赤城みりあ,速水奏
1712,ある,非童貞です(※素人童貞を含む),20代,新田美波,新田美波,新田美波,神崎蘭子
1713,ない,非童貞です(※素人童貞を含む),20代,新田美波,大槻唯,鷺沢文香,新田美波
1714,ある,非童貞です(※素人童貞を含む),20代,新田美波,新田美波,十時愛梨_新田美波,島村卯月
1715,ない,非童貞です(※素人童貞を含む),20代,新田美波,前川みく,鷺沢文香,城ヶ崎美嘉
1716,ある,非童貞です(※素人童貞を含む),20代,新田美波,十時愛梨,鷺沢文香,佐藤心
1717,ない,非童貞です(※素人童貞を含む),30代,新田美波,三船美優,島村卯月,高垣楓
1718,ある,非童貞です(※素人童貞を含む),20代,新田美波,大槻唯,緒方智絵里,佐藤心
1719,ある,非童貞です(※素人童貞を含む),10代,新田美波,新田美波,鷺沢文香,アナスタシア
1720,ある,非童貞です(※素人童貞を含む),20代,新田美波,大槻唯,鷺沢文香,高垣楓
1721,ある,非童貞です(※素人童貞を含む),20代,新田美波,新田美波,鷺沢文香,佐久間まゆ
1722,ある,非童貞です(※素人童貞を含む),20代,新田美波,十時愛梨,鷺沢文香,本田未央
1723,ない,非童貞です(※素人童貞を含む),30代,新田美波,nan,nan,nan
1724,ない,非童貞です(※素人童貞を含む),20代,新田美波,三船美優,島村卯月,川島瑞樹
1725,ある,非童貞です(※素人童貞を含む),30代,新田美波,新田美波,nan,nan
1726,ない,非童貞です(※素人童貞を含む),20代,森久保乃々,及川雫_鷺沢文香_新田美波,鷺沢文香,高垣楓
1727,ある,非童貞です(※素人童貞を含む),20代,森久保乃々,持田亜里沙,櫻井桃華_佐々木千枝,一ノ瀬志希_持田亜里沙_佐藤心
1728,ある,非童貞です(※素人童貞を含む),20代,森久保乃々,新田美波,鷺沢文香,川島瑞樹
1729,ない,非童貞です(※素人童貞を含む),20代,森久保乃々,本田未央,高森藍子,島村卯月
1730,ない,非童貞です(※素人童貞を含む),20代,森久保乃々,佐久間まゆ,新田美波,十時愛梨
1731,ない,非童貞です(※素人童貞を含む),20代,森久保乃々,前川みく,鷺沢文香,城ヶ崎美嘉
1732,ある,非童貞です(※素人童貞を含む),20代,森久保乃々,前川みく,緒方智絵里,高垣楓
1733,ある,非童貞です(※素人童貞を含む),20代,森久保乃々,三船美優,鷺沢文香,姫川友紀
1734,ない,非童貞です(※素人童貞を含む),20代,森久保乃々,姫川友紀,鷺沢文香,大槻唯
1735,ある,非童貞です(※素人童貞を含む),20代,森久保乃々,塩見周子,本田未央,渋谷凛
1736,ない,非童貞です(※素人童貞を含む),30代,森久保乃々,島村卯月,nan,nan
1737,ある,非童貞です(※素人童貞を含む),20代,真鍋いつき,篠原礼,神谷奈緒_荒木比奈_鷺沢文香_三船美優_佐久間まゆ_大槻唯_一ノ瀬志希_神崎蘭子_二宮飛鳥,三村かな子_新田美波_的場梨沙_高森藍子_諸星きらり
1738,ない,非童貞です(※素人童貞を含む),20代,神崎蘭子,新田美波,鷺沢文香,高垣楓
1739,ない,非童貞です(※素人童貞を含む),20代,神崎蘭子,新田美波,渋谷凛,三浦あずさ
1740,ある,非童貞です(※素人童貞を含む),20代,神崎蘭子,新田美波,橘ありす,新田美波
1741,ある,非童貞です(※素人童貞を含む),20代,神崎蘭子,,,
1742,ある,非童貞です(※素人童貞を含む),30代,神崎蘭子,鷺沢文香,大槻唯,大槻唯
1743,ある,非童貞です(※素人童貞を含む),30代,神崎蘭子,三船美優,速水奏,高垣楓
1744,ある,非童貞です(※素人童貞を含む),20代,神谷奈緒,鷺沢文香,鷺沢文香,北条加蓮
1745,ある,非童貞です(※素人童貞を含む),20代,神谷奈緒,三船美優,水本ゆかり,新田美波
1746,ある,非童貞です(※素人童貞を含む),20代,神谷奈緒,四条貴音_栗原ネネ,,荒木比奈
1747,ある,非童貞です(※素人童貞を含む),20代,神谷奈緒,鷺沢文香,城ヶ崎美嘉,高垣楓
1748,ない,非童貞です(※素人童貞を含む),30代,神谷奈緒,鷺沢文香,鷺沢文香,鷺沢文香
1749,ある,非童貞です(※素人童貞を含む),20代,神谷奈緒,和久井留美,本田未央,相葉夕美
1750,ない,非童貞です(※素人童貞を含む),20代,神谷奈緒,高垣楓,緒方智絵里,高垣楓
1751,ある,非童貞です(※素人童貞を含む),30代,神谷奈緒,高垣楓,新田美波_速水奏,佐藤心
1752,ない,非童貞です(※素人童貞を含む),20代,神谷奈緒,高橋礼子,大槻唯,高垣楓
1753,ない,非童貞です(※素人童貞を含む),30代,神谷奈緒,海老原菜帆,佐藤心,佐藤心
1754,ある,非童貞です(※素人童貞を含む),20代,神谷奈緒,三船美優,鷺沢文香,向井拓海
1755,ない,非童貞です(※素人童貞を含む),30代,神谷奈緒,相原雪乃,本田未央,安部菜々
1756,ない,非童貞です(※素人童貞を含む),20代,神谷奈緒,神谷奈緒,鷺沢文香,十時愛梨
1757,ある,非童貞です(※素人童貞を含む),20代,神谷奈緒,本田未央,新田美波,nan
1758,ない,非童貞です(※素人童貞を含む),30代,神谷奈緒,相葉夕美,前川みく,高垣楓
1759,ない,非童貞です(※素人童貞を含む),20代,神谷奈緒,三村かな子,緒方智絵里,白坂小梅
1760,ない,非童貞です(※素人童貞を含む),30代,神谷奈緒,緒方智絵里,新田美波,三船美優
1761,ある,非童貞です(※素人童貞を含む),20代,神谷奈緒,北条加蓮,鷺沢文香,本田未央
1762,ない,非童貞です(※素人童貞を含む),20代,神谷奈緒,速水奏,城ヶ崎美嘉,安部菜々
1763,ある,非童貞です(※素人童貞を含む),30代,神谷奈緒,大槻唯,緒方智絵里,高垣楓
1764,ない,非童貞です(※素人童貞を含む),20代,神谷奈緒,柊志乃,新田美波,川島瑞樹
1765,ある,非童貞です(※素人童貞を含む),30代,神谷奈緒,前川みく,松本沙理奈,柊志乃
1766,ある,非童貞です(※素人童貞を含む),40代以上,神谷奈緒,速水奏,本田未央,北条加蓮
1767,ある,非童貞です(※素人童貞を含む),20代,神谷奈緒,新田美波,及川雫,nan
1768,ある,非童貞です(※素人童貞を含む),20代,神谷奈緒,二宮飛鳥,大槻唯_城ヶ崎美嘉,高垣楓
1769,ある,非童貞です(※素人童貞を含む),20代,神谷奈緒,前川みく,鷺沢文香,高垣楓
1770,ある,非童貞です(※素人童貞を含む),20代,市原仁奈,三船美優,十時愛梨_五十嵐響子,高森藍子
1771,ある,非童貞です(※素人童貞を含む),20代,水本ゆかり,原田美世,鷺沢文香,柊志乃
1772,ない,非童貞です(※素人童貞を含む),30代,水本ゆかり,大槻唯,鷺沢文香_五十嵐響子_櫻井桃華_佐久間まゆ_高森藍子,大槻唯_三船美優_速水奏
1773,ない,非童貞です(※素人童貞を含む),10代,水本ゆかり,前川みく,鷺沢文香,日野茜
1774,ない,非童貞です(※素人童貞を含む),30代,水本ゆかり,三船美優,鷺沢文香,速水奏
1775,ない,非童貞です(※素人童貞を含む),30代,水本ゆかり,十時愛梨,nan,nan
1776,ある,非童貞です(※素人童貞を含む),20代,水本ゆかり,片桐早苗,鷺沢文香,鷺沢文香
1777,ある,非童貞です(※素人童貞を含む),20代,水本ゆかり,市原仁奈,鷺沢文香,速水奏
1778,ある,非童貞です(※素人童貞を含む),20代,水本ゆかり,前川みく,新田美波,大槻唯
1779,ある,非童貞です(※素人童貞を含む),20代,水本ゆかり,鷹富士茄子,鷺沢文香,塩見周子
1780,ある,非童貞です(※素人童貞を含む),20代,水本ゆかり,浅野風香,神崎蘭子,乙倉悠貴
1781,ない,非童貞です(※素人童貞を含む),20代,水木聖來,三船美優,渋谷凛,川島瑞樹
1782,ある,非童貞です(※素人童貞を含む),30代,水木聖來,若林智香,新田美波,nan
1783,ない,非童貞です(※素人童貞を含む),30代,水木聖來,高橋礼子,鷺沢文香,大槻唯
1784,ある,非童貞です(※素人童貞を含む),30代,水木聖來,黒川千秋,大槻唯,高垣楓
1785,ある,非童貞です(※素人童貞を含む),20代,星井美希,,,高槻やよい
1786,ない,非童貞です(※素人童貞を含む),20代,星井美希,島村卯月,神崎蘭子,安部菜々
1787,ない,非童貞です(※素人童貞を含む),20代,星井美希,佐藤心,鷺沢文香,nan
1788,ある,非童貞です(※素人童貞を含む),30代,星輝子,ナターリア,小早川紗枝,川島瑞樹
1789,ある,非童貞です(※素人童貞を含む),10代,星輝子,神崎蘭子,鷺沢文香,姫川友紀
1790,ない,非童貞です(※素人童貞を含む),20代,星輝子,新田美波,新田美波_鷺沢文香,nan
1791,ある,非童貞です(※素人童貞を含む),20代,星輝子,小早川紗枝,鷺沢文香,小早川紗枝
1792,ない,非童貞です(※素人童貞を含む),20代,星輝子,三船美優,十時愛梨,三船美優
1793,ない,非童貞です(※素人童貞を含む),20代,星輝子,佐藤心,緒方智絵里_橘ありす_五十嵐響子_神崎蘭子_速水奏_櫻井桃華,大和亜季_木村夏樹_市原仁奈_難波笑美_上田鈴帆
1794,ない,非童貞です(※素人童貞を含む),20代,星輝子,多田李衣菜,神崎蘭子,一ノ瀬志希
1795,ない,非童貞です(※素人童貞を含む),20代,星輝子,西園寺琴歌,鷺沢文香,佐藤心
1796,ない,非童貞です(※素人童貞を含む),20代,星輝子,四条貴音,十時愛梨,木村夏樹
1797,ある,非童貞です(※素人童貞を含む),20代,星輝子,森久保乃々,大槻唯,三船美優
1798,ない,非童貞です(※素人童貞を含む),10代,星輝子,前川みく,大槻唯,相葉夕美
1799,ない,非童貞です(※素人童貞を含む),20代,西園寺琴歌,佐々木千枝,速水奏,服部瞳子
1800,ある,非童貞です(※素人童貞を含む),20代,西島櫂,佐藤心,鷺沢文香,三船美優
1801,ある,非童貞です(※素人童貞を含む),20代,斉藤洋子,篠原礼,斉藤洋子,斉藤洋子
1802,ない,非童貞です(※素人童貞を含む),30代,斉藤洋子,黒川千秋,鷺沢文香,真鍋いつき
1803,ない,非童貞です(※素人童貞を含む),30代,赤城みりあ,白坂小梅,鷺沢文香,アナスタシア
1804,ない,非童貞です(※素人童貞を含む),20代,赤城みりあ,大槻唯,五十嵐響子,本田未央
1805,ない,非童貞です(※素人童貞を含む),30代,赤城みりあ,十時愛梨,新田美波,橘ありす
1806,ない,非童貞です(※素人童貞を含む),30代,仙崎恵磨,塩見周子,塩見周子,塩見周子
1807,ある,非童貞です(※素人童貞を含む),20代,仙崎恵磨,新田美波,鷺沢文香,大槻唯
1808,ある,非童貞です(※素人童貞を含む),20代,仙崎恵磨,新田美波,鷺沢文香,nan
1809,ない,非童貞です(※素人童貞を含む),40代以上,川島瑞樹,三船美優,新田美波,佐久間まゆ
1810,ない,非童貞です(※素人童貞を含む),40代以上,川島瑞樹,三船美優,鷺沢文香,nan
1811,ある,非童貞です(※素人童貞を含む),20代,川島瑞樹,前川みく,新田美波,喜多見柚
1812,ある,非童貞です(※素人童貞を含む),20代,川島瑞樹,三船美優_佐藤心_安部菜々,鷺沢文香,速水奏
1813,ある,非童貞です(※素人童貞を含む),20代,川島瑞樹,,高森藍子_小日向美穂_本田未央,棟方愛海
1814,ない,非童貞です(※素人童貞を含む),20代,川島瑞樹,篠原礼,鷺沢文香,塩見周子
1815,ない,非童貞です(※素人童貞を含む),40代以上,川島瑞樹,新田美波,新田美波,高垣楓
1816,ない,非童貞です(※素人童貞を含む),30代,川島瑞樹,杉坂海,鷺沢文香,桐生つかさ
1817,ない,非童貞です(※素人童貞を含む),20代,前川みく,鷺沢文香,本田未央_鷺沢文香,渋谷凛
1818,ある,非童貞です(※素人童貞を含む),20代,前川みく,三船美優,城ヶ崎美嘉,宮本フレデリカ
1819,ある,非童貞です(※素人童貞を含む),30代,前川みく,白坂小梅,大槻唯,柊志乃
1820,ある,非童貞です(※素人童貞を含む),30代,前川みく,的場梨沙,橘ありす,新田美波
1821,ない,非童貞です(※素人童貞を含む),30代,前川みく,本田未央,橘ありす,高垣楓
1822,ない,非童貞です(※素人童貞を含む),30代,前川みく,,渋谷凛,諸星きらり
1823,ない,非童貞です(※素人童貞を含む),30代,前川みく,佐藤心,三船美優,佐藤心
1824,ある,非童貞です(※素人童貞を含む),30代,前川みく,乙倉悠貴,緒方智絵里,塩見周子
1825,ない,非童貞です(※素人童貞を含む),20代,前川みく,前川みく,城ヶ崎美嘉,佐藤心
1826,ない,非童貞です(※素人童貞を含む),20代,前川みく,三船美優,大槻唯_五十嵐響子_鷺沢文香,水木聖來
1827,ある,非童貞です(※素人童貞を含む),30代,前川みく,大槻唯,大槻唯,大槻唯
1828,ない,非童貞です(※素人童貞を含む),30代,前川みく,三村かな子,島村卯月,三船美優
1829,ある,非童貞です(※素人童貞を含む),30代,前川みく,新田美波,赤城みりあ,片桐早苗
1830,ない,非童貞です(※素人童貞を含む),10代,双海真美,海老原菜帆,安部菜々,島村卯月
1831,ある,非童貞です(※素人童貞を含む),20代,双葉杏,佐藤心,鷺沢文香,nan
1832,ある,非童貞です(※素人童貞を含む),20代,双葉杏,本田未央,鷺沢文香,
1833,ない,非童貞です(※素人童貞を含む),20代,双葉杏,海老原菜帆,大槻唯,和久井留美
1834,ない,非童貞です(※素人童貞を含む),20代,双葉杏,十時愛梨,本田未央,前川みく
1835,ない,非童貞です(※素人童貞を含む),20代,双葉杏,十時愛梨,島村卯月,新田美波
1836,ある,非童貞です(※素人童貞を含む),20代,双葉杏,神崎蘭子,高垣楓,新田美波
1837,ない,非童貞です(※素人童貞を含む),20代,双葉杏,荒木比奈,nan,nan
1838,ある,非童貞です(※素人童貞を含む),20代,双葉杏,片桐早苗,片桐早苗,片桐早苗
1839,ある,非童貞です(※素人童貞を含む),20代,双葉杏,城ヶ崎美嘉,nan,nan
1840,ある,非童貞です(※素人童貞を含む),20代,双葉杏,高垣楓,渋谷凛,
1841,ない,非童貞です(※素人童貞を含む),10代,双葉杏,依田芳乃,高垣楓,双葉杏
1842,ある,非童貞です(※素人童貞を含む),20代,双葉杏,三船美優,十時愛梨,佐藤心
1843,ある,非童貞です(※素人童貞を含む),20代,双葉杏,双葉杏,新田美波,
1844,ある,非童貞です(※素人童貞を含む),20代,双葉杏,一ノ瀬志希,新田美波,速水奏
1845,ある,非童貞です(※素人童貞を含む),20代,速水奏,アナスタシア,nan,nan
1846,ない,非童貞です(※素人童貞を含む),10代,早坂美玲,新田美波,島村卯月,
1847,ない,非童貞です(※素人童貞を含む),10代,早坂美玲,緒方智絵里,緒方智絵里,緒方智絵里
1848,ない,非童貞です(※素人童貞を含む),10代,早坂美玲,速水奏,一ノ瀬志希,速水奏
1849,ない,非童貞です(※素人童貞を含む),30代,相川千夏,高橋礼子,鷺沢文香,新田美波
1850,ある,非童貞です(※素人童貞を含む),20代,相葉夕美,nan,小日向美穂,三船美優
1851,ある,非童貞です(※素人童貞を含む),20代,相葉夕美,姫川友紀,渋谷凛,一ノ瀬志希
1852,ない,非童貞です(※素人童貞を含む),20代,相葉夕美,鷺沢文香,鷺沢文香,安部菜々
1853,ある,非童貞です(※素人童貞を含む),20代,相葉夕美,三船美優,nan,nan
1854,ない,非童貞です(※素人童貞を含む),20代,相葉夕美,三船美優,大槻唯,大槻唯
1855,ない,非童貞です(※素人童貞を含む),30代,相葉夕美,本田未央,川島瑞樹,新田美波
1856,ある,非童貞です(※素人童貞を含む),20代,相葉夕美,渋谷凛,鷺沢文香,相葉夕美
1857,ない,非童貞です(※素人童貞を含む),20代,相葉夕美,相葉夕美,,nan
1858,ない,非童貞です(※素人童貞を含む),10代,速水奏,大槻唯,水本ゆかり,大槻唯
1859,ある,非童貞です(※素人童貞を含む),10代,速水奏,三船美優,鷺沢文香,佐藤心
1860,ない,非童貞です(※素人童貞を含む),20代,速水奏,篠原礼,鷺沢文香,大槻唯
1861,ない,非童貞です(※素人童貞を含む),30代,速水奏,川島瑞樹,城ヶ崎美嘉,川島瑞樹
1862,ない,非童貞です(※素人童貞を含む),30代,速水奏,新田美波,渋谷凛,新田美波
1863,ある,非童貞です(※素人童貞を含む),30代,速水奏,十時愛梨,鷺沢文香,安部菜々
1864,ある,非童貞です(※素人童貞を含む),30代,速水奏,一ノ瀬志希,双葉杏,諸星きらり
1865,ある,非童貞です(※素人童貞を含む),30代,速水奏,和久井留美,新田美波,高垣楓
1866,ある,非童貞です(※素人童貞を含む),20代,速水奏,緒方智絵里,新田美波,神崎蘭子
1867,ない,非童貞です(※素人童貞を含む),20代,速水奏,新田美波,新田美波,諸星きらり
1868,ない,非童貞です(※素人童貞を含む),30代,速水奏,速水奏,鷺沢文香,相葉夕美
1869,ある,非童貞です(※素人童貞を含む),10代,速水奏,速水奏,十時愛梨,速水奏
1870,ない,非童貞です(※素人童貞を含む),20代,速水奏,城ヶ崎美嘉,,
1871,ない,非童貞です(※素人童貞を含む),20代,速水奏,鷺沢文香,渋谷凛,一ノ瀬志希
1872,ある,非童貞です(※素人童貞を含む),20代,速水奏,三船美優,渋谷凛,三船美優
1873,ない,非童貞です(※素人童貞を含む),30代,速水奏,新田美波,城ヶ崎美嘉,新田美波
1874,ある,非童貞です(※素人童貞を含む),20代,速水奏,松本沙理奈,大槻唯,
1875,ない,非童貞です(※素人童貞を含む),30代,村松さくら,一ノ瀬志希,橘ありす,桐生つかさ
1876,ない,非童貞です(※素人童貞を含む),30代,村松さくら,西川保奈美,森久保乃々,水木聖來
1877,ある,非童貞です(※素人童貞を含む),20代,村上巴,北条加蓮,三船美優,輿水幸子
1878,ない,非童貞です(※素人童貞を含む),20代,多田李衣菜,三船美優,鷺沢文香,nan
1879,ある,非童貞です(※素人童貞を含む),10代,多田李衣菜,nan,鷺沢文香_三船美優_緒方智絵里,nan
1880,ある,非童貞です(※素人童貞を含む),20代,多田李衣菜,島村卯月,前川みく,五十嵐響子
1881,ない,非童貞です(※素人童貞を含む),30代,多田李衣菜,沢田麻理菜,渋谷凛,相馬夏美
1882,ある,非童貞です(※素人童貞を含む),20代,多田李衣菜,,本田未央,前川みく
1883,ない,非童貞です(※素人童貞を含む),30代,多田李衣菜,nan,十時愛梨,川島瑞樹
1884,ある,非童貞です(※素人童貞を含む),30代,多田李衣菜,四条貴音,星井美希,大槻唯
1885,ある,非童貞です(※素人童貞を含む),20代,多田李衣菜,城ヶ崎美嘉,大槻唯_鷺沢文香_新田美波,諸星きらり
1886,ある,非童貞です(※素人童貞を含む),20代,多田李衣菜,三船美優,鷺沢文香,三村かな子
1887,ある,非童貞です(※素人童貞を含む),20代,多田李衣菜,高垣楓,鷺沢文香,高垣楓
1888,ない,非童貞です(※素人童貞を含む),20代,多田李衣菜,本田未央,鷺沢文香_新田美波_三船美優,一ノ瀬志希_佐藤心
1889,ない,非童貞です(※素人童貞を含む),10代,多田李衣菜,前川みく,櫻井桃華,鷺沢文香
1890,ある,非童貞です(※素人童貞を含む),20代,多田李衣菜,依田芳乃,鷺沢文香,多田李衣菜
1891,ない,非童貞です(※素人童貞を含む),10代,多田李衣菜,新田美波,鷺沢文香,多田李衣菜
1892,ない,非童貞です(※素人童貞を含む),20代,大原みちる,,三船美優,
1893,ある,非童貞です(※素人童貞を含む),20代,大沼くるみ,大槻唯,大沼くるみ,宮本フレデリカ
1894,ある,非童貞です(※素人童貞を含む),30代,大石泉,三船美優,橘ありす,速水奏
1895,ない,非童貞です(※素人童貞を含む),10代,大石泉,大石泉,二宮飛鳥,高森藍子
1896,ある,非童貞です(※素人童貞を含む),30代,大石泉,大石泉,鷺沢文香,速水奏
1897,ない,非童貞です(※素人童貞を含む),10代,大石泉,新田美波,鷺沢文香,高垣楓
1898,ある,非童貞です(※素人童貞を含む),20代,大石泉,三船美優,,本田未央
1899,ある,非童貞です(※素人童貞を含む),20代,大石泉,佐藤心,鷺沢文香,高垣楓
1900,ない,非童貞です(※素人童貞を含む),20代,大槻唯,速水奏,城ヶ崎美嘉,佐藤心
1901,ない,非童貞です(※素人童貞を含む),40代以上,大槻唯,新田美波,大槻唯,大槻唯
1902,ない,非童貞です(※素人童貞を含む),30代,大槻唯,大槻唯,鷺沢文香,城ヶ崎美嘉
1903,ない,非童貞です(※素人童貞を含む),20代,大槻唯,島村卯月,大槻唯,速水奏
1904,ない,非童貞です(※素人童貞を含む),20代,大槻唯,兵藤レナ,本田未央,水木聖來
1905,ない,非童貞です(※素人童貞を含む),30代,大槻唯,大槻唯,大槻唯,大槻唯
1906,ない,非童貞です(※素人童貞を含む),30代,大槻唯,鷺沢文香,三船美優,和久井留美
1907,ない,非童貞です(※素人童貞を含む),20代,大槻唯,鷺沢文香,鷺沢文香,nan
1908,ない,非童貞です(※素人童貞を含む),20代,大槻唯,新田美波,三船美優,佐藤心
1909,ない,非童貞です(※素人童貞を含む),30代,大槻唯,浜川愛結奈,新田美波,十時愛梨
1910,ない,非童貞です(※素人童貞を含む),20代,大槻唯,鷹富士茄子,大槻唯,大槻唯
1911,ある,非童貞です(※素人童貞を含む),20代,大槻唯,佐藤心,新田美波,nan
1912,ある,非童貞です(※素人童貞を含む),10代,大槻唯,小早川紗枝,nan,nan
1913,ある,非童貞です(※素人童貞を含む),10代,大槻唯,大石泉,五十嵐響子,佐藤心
1914,ある,非童貞です(※素人童貞を含む),20代,大和亜季,本田未央,櫻井桃華,新田美波
1915,ある,非童貞です(※素人童貞を含む),20代,大和亜季,大和亜季,小早川紗枝,姫川友紀
1916,ある,非童貞です(※素人童貞を含む),30代,大和亜季,新田美波,緒方智絵里,北条加蓮
1917,ある,非童貞です(※素人童貞を含む),20代,鷹富士茄子,十時愛梨,鷺沢文香,城ヶ崎莉嘉
1918,ない,非童貞です(※素人童貞を含む),20代,鷹富士茄子,松本沙理奈,城ヶ崎美嘉,新田美波
1919,ある,非童貞です(※素人童貞を含む),30代,鷹富士茄子,鷺沢文香,緒方智絵里,大槻唯
1920,ない,非童貞です(※素人童貞を含む),20代,鷹富士茄子,三浦あずさ,前川みく,渋谷凛
1921,ない,非童貞です(※素人童貞を含む),20代,鷹富士茄子,新田美波,鷺沢文香,塩見周子
1922,ある,非童貞です(※素人童貞を含む),20代,鷹富士茄子,福山舞,小早川紗枝,大槻唯
1923,ない,非童貞です(※素人童貞を含む),20代,鷹富士茄子,小松伊吹,鷺沢文香,小日向美穂
1924,ある,非童貞です(※素人童貞を含む),20代,鷹富士茄子,,前川みく_大槻唯,北条加蓮
1925,ある,非童貞です(※素人童貞を含む),20代,鷹富士茄子,速水奏,新田美波,nan
1926,ある,非童貞です(※素人童貞を含む),20代,鷹富士茄子,nan,鷺沢文香,nan
1927,ある,非童貞です(※素人童貞を含む),20代,鷹富士茄子,姫川友紀,相葉夕美,新田美波
1928,ある,非童貞です(※素人童貞を含む),40代以上,鷹富士茄子,高垣楓,nan,nan
1929,ある,非童貞です(※素人童貞を含む),20代,緒方智絵里,本田未央,大槻唯,nan
1930,ある,非童貞です(※素人童貞を含む),20代,池袋晶葉,松尾千鶴,鷺沢文香,三船美優
1931,ない,非童貞です(※素人童貞を含む),20代,,,鷺沢文香,
1932,ない,非童貞です(※素人童貞を含む),20代,中野有香,本田未央,鷺沢文香_小日向美穂_新田美波,宮本フレデリカ
1933,ない,非童貞です(※素人童貞を含む),20代,中野有香,小室千奈美,渋谷凛,川島瑞樹
1934,ない,非童貞です(※素人童貞を含む),40代以上,中野有香,三船美優,本田未央,佐藤心
1935,ない,非童貞です(※素人童貞を含む),30代,中野有香,荒木比奈,速水奏,三船美優
1936,ない,非童貞です(※素人童貞を含む),30代,中野有香,兵藤レナ,高垣楓,渋谷凛
1937,ある,非童貞です(※素人童貞を含む),30代,椎名法子,道明寺歌鈴,荒木比奈,前川みく_佐藤心
1938,ある,非童貞です(※素人童貞を含む),30代,椎名法子,大槻唯,,
1939,ある,非童貞です(※素人童貞を含む),20代,椎名法子,緒方智絵里,大槻唯,高垣楓
1940,ない,非童貞です(※素人童貞を含む),30代,的場梨沙,,鷺沢文香,城ヶ崎美嘉
1941,ある,非童貞です(※素人童貞を含む),30代,天海春香,一ノ瀬志希,鷺沢文香,三船美優
1942,ある,非童貞です(※素人童貞を含む),20代,天海春香,新田美波,nan,nan
1943,ない,非童貞です(※素人童貞を含む),20代,天海春香,nan,nan,nan
1944,ない,非童貞です(※素人童貞を含む),20代,,,,
1945,ない,非童貞です(※素人童貞を含む),20代,,佐久間まゆ,鷺沢文香,松永涼
1946,ない,非童貞です(※素人童貞を含む),20代,島村卯月,鷺沢文香,新田美波,橘ありす
1947,ある,非童貞です(※素人童貞を含む),20代,島村卯月,大槻唯,大槻唯,高垣楓
1948,ある,非童貞です(※素人童貞を含む),20代,島村卯月,新田美波,nan,nan
1949,ない,非童貞です(※素人童貞を含む),20代,島村卯月,相葉夕美,鷺沢文香,三船美優
1950,ある,非童貞です(※素人童貞を含む),20代,島村卯月,新田美波,神崎蘭子,新田美波
1951,ない,非童貞です(※素人童貞を含む),20代,島村卯月,大槻唯,新田美波,渋谷凛
1952,ある,非童貞です(※素人童貞を含む),20代,島村卯月,塩見周子,新田美波,塩見周子_宮本フレデリカ
1953,ない,非童貞です(※素人童貞を含む),20代,島村卯月,十時愛梨,水本ゆかり,佐藤心
1954,ある,非童貞です(※素人童貞を含む),10代,島村卯月,新田美波,新田美波,三船美優
1955,ない,非童貞です(※素人童貞を含む),30代,島村卯月,篠原礼,nan,nan
1956,ある,非童貞です(※素人童貞を含む),40代以上,島村卯月,川島瑞樹,鷺沢文香,柊志乃
1957,ある,非童貞です(※素人童貞を含む),20代,島村卯月,新田美波,城ヶ崎美嘉,nan
1958,ない,非童貞です(※素人童貞を含む),20代,島村卯月,島村卯月,nan,nan
1959,ない,非童貞です(※素人童貞を含む),20代,島村卯月,三船美優,鷺沢文香,北条加蓮
1960,ない,非童貞です(※素人童貞を含む),30代,東郷あい,新田美波,鷺沢文香,高垣楓
1961,ない,非童貞です(※素人童貞を含む),20代,東郷あい,仙崎恵磨,高垣楓,高橋礼子
1962,ある,非童貞です(※素人童貞を含む),20代,東郷あい,篠原礼_木場真奈美,新田美波_島村卯月,財前時子_二宮飛鳥
1963,ない,非童貞です(※素人童貞を含む),20代,東郷あい,三船美優,渋谷凛,仙崎恵磨
1964,ある,非童貞です(※素人童貞を含む),20代,桃井あずき,新田美波,緒方智絵里,高垣楓
1965,ある,非童貞です(※素人童貞を含む),20代,藤居朋,岡崎泰葉,小日向美穂,水木聖來
1966,ない,非童貞です(※素人童貞を含む),20代,藤居朋,栗原ネネ_今井加奈,鷺沢文香,桐生つかさ
1967,ない,非童貞です(※素人童貞を含む),30代,藤原肇,,,
1968,ない,非童貞です(※素人童貞を含む),20代,藤原肇,藤原肇,鷺沢文香,鷺沢文香
1969,ある,非童貞です(※素人童貞を含む),20代,藤原肇,八神マキノ,鷺沢文香,大槻唯
1970,ない,非童貞です(※素人童貞を含む),40代以上,藤原肇,nan,nan,nan
1971,ある,非童貞です(※素人童貞を含む),20代,藤原肇,八神マキノ,鷺沢文香,大槻唯
1972,ない,非童貞です(※素人童貞を含む),20代,藤原肇,鷺沢文香,島村卯月_小日向美穂_五十嵐響子,白坂小梅
1973,ある,非童貞です(※素人童貞を含む),30代,藤原肇,新田美波,鷺沢文香,大槻唯
1974,ない,非童貞です(※素人童貞を含む),20代,藤原肇,三船美優,鷺沢文香,新田美波
1975,ない,非童貞です(※素人童貞を含む),20代,藤原肇,大石泉,緒方智絵里,本田未央
1976,ある,非童貞です(※素人童貞を含む),30代,藤原肇,新田美波,渋谷凛,鷹富士茄子
1977,ない,非童貞です(※素人童貞を含む),20代,藤本里奈,大槻唯,鷺沢文香,仙崎恵磨
1978,ない,非童貞です(※素人童貞を含む),20代,藤本里奈,大槻唯,新田美波,相葉夕美
1979,ある,非童貞です(※素人童貞を含む),20代,藤本里奈,三船美優,櫻井桃華,高垣楓
1980,ある,非童貞です(※素人童貞を含む),20代,藤本里奈,向井拓海,十時愛梨,和久井留美
1981,ある,非童貞です(※素人童貞を含む),20代,道明寺歌鈴,新田美波,鷺沢文香,アナスタシア
1982,ない,非童貞です(※素人童貞を含む),40代以上,道明寺歌鈴,高橋礼子,新田美波,佐久間まゆ
1983,ない,非童貞です(※素人童貞を含む),30代,南条光,松本沙理奈,乙倉悠貴,片桐早苗
1984,ある,非童貞です(※素人童貞を含む),20代,南条光,佐久間まゆ,新田美波,佐藤心
1985,ない,非童貞です(※素人童貞を含む),20代,南条光,原田美世,鷺沢文香,本田未央
1986,ない,非童貞です(※素人童貞を含む),20代,南条光,神谷奈緒,橘ありす,神谷奈緒
1987,ある,非童貞です(※素人童貞を含む),20代,難波笑美,秋月律子,十時愛梨,
1988,ある,非童貞です(※素人童貞を含む),20代,二宮飛鳥,新田美波,佐久間まゆ,川島瑞樹
1989,ある,非童貞です(※素人童貞を含む),20代,二宮飛鳥,及川雫,nan,三船美優
1990,ない,非童貞です(※素人童貞を含む),30代,二宮飛鳥,一ノ瀬志希,神崎蘭子,諸星きらり
1991,ない,非童貞です(※素人童貞を含む),20代,二宮飛鳥,新田美波,鷺沢文香,一ノ瀬志希
1992,ある,非童貞です(※素人童貞を含む),10代,二宮飛鳥,棟方愛海,乙倉悠貴,松永涼
1993,ある,非童貞です(※素人童貞を含む),20代,二宮飛鳥,結城晴,緒方智絵里,一ノ瀬志希
1994,ない,非童貞です(※素人童貞を含む),20代,二宮飛鳥,佐久間まゆ,緒方智絵里,大槻唯
1995,ある,非童貞です(※素人童貞を含む),10代,二宮飛鳥,二宮飛鳥,鷺沢文香,nan
1996,ある,非童貞です(※素人童貞を含む),20代,二宮飛鳥,神崎蘭子,鷺沢文香,一ノ瀬志希
1997,ある,非童貞です(※素人童貞を含む),10代,二宮飛鳥,新田美波,新田美波,早坂美玲
1998,ある,非童貞です(※素人童貞を含む),20代,二宮飛鳥,,鷺沢文香,姫川友紀
1999,ある,非童貞です(※素人童貞を含む),20代,二宮飛鳥,三船美優,鷺沢文香,速水奏
2000,ある,非童貞です(※素人童貞を含む),20代,二宮飛鳥,一ノ瀬志希,鷺沢文香,神崎蘭子
2001,ない,非童貞です(※素人童貞を含む),20代,二宮飛鳥,二宮飛鳥,荒木比奈,松本沙理奈
2002,ない,非童貞です(※素人童貞を含む),20代,二宮飛鳥,新田美波,鷺沢文香_高森藍子,川島瑞樹
2003,ある,非童貞です(※素人童貞を含む),30代,日下部若葉,高橋礼子,本田未央,新田美波
2004,ない,非童貞です(※素人童貞を含む),30代,日下部若葉,松本沙理奈,島村卯月,及川雫
2005,ある,非童貞です(※素人童貞を含む),20代,日野茜,前川みく,新田美波,三船美優
2006,ない,非童貞です(※素人童貞を含む),20代,日野茜,三船美優,三船美優,新田美波
2007,ない,非童貞です(※素人童貞を含む),20代,日野茜,nan,nan,nan
2008,ある,非童貞です(※素人童貞を含む),30代,日野茜,新田美波,大槻唯,高垣楓
2009,ある,非童貞です(※素人童貞を含む),20代,如月千早,四条貴音,十時愛梨,及川雫
2010,ある,非童貞です(※素人童貞を含む),30代,如月千早,速水奏,大槻唯,天海春香
2011,ない,非童貞です(※素人童貞を含む),20代,萩原雪歩,鷺沢文香,,
2012,ない,非童貞です(※素人童貞を含む),20代,萩原雪歩,鷺沢文香,,
2013,ある,非童貞です(※素人童貞を含む),20代,白菊ほたる,川島瑞樹,鷺沢文香,本田未央
2014,ある,非童貞です(※素人童貞を含む),20代,白菊ほたる,松本沙理奈,鷺沢文香,
2015,ある,非童貞です(※素人童貞を含む),20代,白菊ほたる,新田美波,鷺沢文香,鷺沢文香
2016,ない,非童貞です(※素人童貞を含む),20代,白菊ほたる,nan,nan,nan
2017,ある,非童貞です(※素人童貞を含む),20代,白坂小梅,片桐早苗,鷺沢文香,佐藤心
2018,ある,非童貞です(※素人童貞を含む),20代,白坂小梅,及川雫,大槻唯,高垣楓
2019,ある,非童貞です(※素人童貞を含む),20代,白坂小梅,高垣楓,鷺沢文香,nan
2020,ない,非童貞です(※素人童貞を含む),20代,白坂小梅,輿水幸子,大槻唯,相葉夕美
2021,ある,非童貞です(※素人童貞を含む),20代,白坂小梅,三船美優,大槻唯,向井拓海
2022,ない,非童貞です(※素人童貞を含む),20代,白坂小梅,高垣楓,新田美波,神崎蘭子
2023,ある,非童貞です(※素人童貞を含む),30代,白坂小梅,新田美波,新田美波_松本沙理奈,東郷あい_佐藤心
2024,ある,非童貞です(※素人童貞を含む),30代,白坂小梅,西川保奈美,渋谷凛,遊佐こずえ
2025,ある,非童貞です(※素人童貞を含む),40代以上,白坂小梅,八神マキノ,双葉杏,安部菜々
2026,ある,非童貞です(※素人童貞を含む),20代,白坂小梅,城ヶ崎美嘉,十時愛梨,緒方智絵里
2027,ある,非童貞です(※素人童貞を含む),20代,白坂小梅,高垣楓,神崎蘭子,前川みく
2028,ない,非童貞です(※素人童貞を含む),20代,白坂小梅,相川千夏,nan,nan
2029,ある,非童貞です(※素人童貞を含む),20代,白坂小梅,工藤忍,鷺沢文香,宮本フレデリカ
2030,ある,非童貞です(※素人童貞を含む),20代,白坂小梅,依田芳乃,鷺沢文香,今井加奈
2031,ある,非童貞です(※素人童貞を含む),20代,白坂小梅,十時愛梨,nan,nan
2032,ある,非童貞です(※素人童貞を含む),20代,白坂小梅,一ノ瀬志希,島村卯月_渋谷凛,nan
2033,ない,非童貞です(※素人童貞を含む),20代,白坂小梅,兵藤レナ,,
2034,ある,非童貞です(※素人童貞を含む),20代,白坂小梅,一ノ瀬志希,島村卯月_渋谷凛_神谷奈緒_安部菜々_小日向美穂_大槻唯_城ヶ崎美嘉,速水奏_塩見周子_宮本フレデリカ
2035,ない,非童貞です(※素人童貞を含む),20代,白坂小梅,藤本里奈,高森藍子,宮本フレデリカ
2036,ある,非童貞です(※素人童貞を含む),30代,白坂小梅,黒川千秋,佐久間まゆ,木村夏樹
2037,ある,非童貞です(※素人童貞を含む),20代,白坂小梅,依田芳乃,緒方智絵里,安部菜々
2038,ない,非童貞です(※素人童貞を含む),20代,,,鷺沢文香,
2039,ない,非童貞です(※素人童貞を含む),20代,八神マキノ,一ノ瀬志希,緒方智絵里,大槻唯
2040,ない,非童貞です(※素人童貞を含む),30代,八神マキノ,三船美優,緒方智絵里,及川雫
2041,ない,非童貞です(※素人童貞を含む),20代,八神マキノ,神谷奈緒,nan,nan
2042,ない,非童貞です(※素人童貞を含む),20代,星井美希,新田美波,三船美優,一ノ瀬志希
2043,ない,非童貞です(※素人童貞を含む),30代,,nan,新田美波,柊志乃
2044,ある,非童貞です(※素人童貞を含む),10代,柊志乃,柊志乃,高垣楓,柊志乃
2045,ない,非童貞です(※素人童貞を含む),20代,姫川友紀,大沼くるみ,鷺沢文香,速水奏_一ノ瀬志希_宮本フレデリカ_塩見周子_城ヶ崎美嘉
2046,ある,非童貞です(※素人童貞を含む),20代,姫川友紀,島村卯月,鷺沢文香,姫川友紀
2047,ない,非童貞です(※素人童貞を含む),20代,姫川友紀,向井拓海,橘ありす,塩見周子
2048,ある,非童貞です(※素人童貞を含む),20代,姫川友紀,前川みく,鷺沢文香,速水奏
2049,ある,非童貞です(※素人童貞を含む),30代,姫川友紀,若林智香,高垣楓_北条加蓮,斉藤洋子
2050,ある,非童貞です(※素人童貞を含む),30代,浜口あやめ,四条貴音,神崎蘭子,nan
2051,ない,非童貞です(※素人童貞を含む),20代,浜口あやめ,高垣楓,島村卯月_小日向美穂_五十嵐響子,塩見周子
2052,ある,非童貞です(※素人童貞を含む),20代,浜口あやめ,難波笑美,nan,nan
2053,ある,非童貞です(※素人童貞を含む),20代,,,佐久間まゆ,城ヶ崎美嘉
2054,ある,非童貞です(※素人童貞を含む),20代,,佐久間まゆ,及川雫,鷺沢文香
2055,ある,非童貞です(※素人童貞を含む),30代,服部瞳子,新田美波,新田美波,一ノ瀬志希
2056,ない,非童貞です(※素人童貞を含む),20代,服部瞳子,柊志乃,大槻唯,高垣楓
2057,ない,非童貞です(※素人童貞を含む),30代,兵藤レナ,新田美波,城ヶ崎美嘉,nan
2058,ある,非童貞です(※素人童貞を含む),30代,並木芽衣子,佐藤心,五十嵐響子,高垣楓
2059,ない,非童貞です(※素人童貞を含む),20代,並木芽衣子,真鍋いつき,五十嵐響子,相川千夏
2060,ある,非童貞です(※素人童貞を含む),10代,並木芽衣子,片桐早苗,安部菜々,佐藤心
2061,ある,非童貞です(※素人童貞を含む),20代,片桐早苗,海老原菜帆,鷺沢文香,高垣楓
2062,ある,非童貞です(※素人童貞を含む),10代,片桐早苗,佐藤心,島村卯月,nan
2063,ない,非童貞です(※素人童貞を含む),20代,片桐早苗,,,三船美優
2064,ない,非童貞です(※素人童貞を含む),30代,望月聖,鷺沢文香,鷺沢文香,佐久間まゆ
2065,ない,非童貞です(※素人童貞を含む),20代,喜多見柚,前川みく,橘ありす,姫川友紀
2066,ある,非童貞です(※素人童貞を含む),20代,北条加蓮,大槻唯,佐久間まゆ,本田未央
2067,ある,非童貞です(※素人童貞を含む),20代,北条加蓮,新田美波,本田未央,新田美波
2068,ない,非童貞です(※素人童貞を含む),20代,北条加蓮,三船美優,nan,nan
2069,ある,非童貞です(※素人童貞を含む),30代,北条加蓮,大槻唯,鷺沢文香,大槻唯
2070,ある,非童貞です(※素人童貞を含む),20代,北条加蓮,新田美波,小日向美穂,速水奏
2071,ない,非童貞です(※素人童貞を含む),30代,北条加蓮,神谷奈緒,城ヶ崎美嘉,nan
2072,ない,非童貞です(※素人童貞を含む),20代,北条加蓮,十時愛梨,大槻唯,渋谷凛
2073,ある,非童貞です(※素人童貞を含む),20代,北条加蓮,佐々木千枝,nan,nan
2074,ある,非童貞です(※素人童貞を含む),30代,北条加蓮,松本沙理奈,鷺沢文香,兵藤レナ
2075,ない,非童貞です(※素人童貞を含む),20代,北条加蓮,十時愛梨,鷺沢文香,桐生つかさ
2076,ない,非童貞です(※素人童貞を含む),20代,北条加蓮,nan,本田未央,安部菜々
2077,ある,非童貞です(※素人童貞を含む),20代,北条加蓮,三船美優,鷺沢文香,高垣楓
2078,ない,非童貞です(※素人童貞を含む),20代,北条加蓮,島村卯月,城ヶ崎美嘉,速水奏
2079,ない,非童貞です(※素人童貞を含む),20代,北条加蓮,神谷奈緒,水本ゆかり,川島瑞樹
2080,ある,非童貞です(※素人童貞を含む),30代,北条加蓮,新田美波,北条加蓮,高垣楓
2081,ある,非童貞です(※素人童貞を含む),30代,北条加蓮,新田美波,北条加蓮,高垣楓
2082,ない,非童貞です(※素人童貞を含む),20代,北条加蓮,三船美優,三船美優,城ヶ崎美嘉
2083,ある,非童貞です(※素人童貞を含む),40代以上,北条加蓮,沢田麻理菜,,兵藤レナ_柳清良
2084,ない,非童貞です(※素人童貞を含む),20代,北条加蓮,一ノ瀬志希,鷺沢文香,大槻唯
2085,ない,非童貞です(※素人童貞を含む),20代,北条加蓮,本田未央_前川みく,新田美波,前川みく
2086,ある,非童貞です(※素人童貞を含む),20代,北条加蓮,新田美波,鷺沢文香,桐生つかさ
2087,ある,非童貞です(※素人童貞を含む),20代,北川真尋,佐々木千枝,一ノ瀬志希_速水奏_三船美優_十時愛梨,片桐早苗
2088,ある,非童貞です(※素人童貞を含む),20代,,大槻唯,本田未央,小日向美穂
2089,ない,非童貞です(※素人童貞を含む),20代,,,新田美波,島村卯月
2090,ない,非童貞です(※素人童貞を含む),20代,堀裕子,乙倉悠貴,鷺沢文香,佐藤心
2091,ある,非童貞です(※素人童貞を含む),30代,堀裕子,高森藍子,緒方智絵里,原田美世
2092,ある,非童貞です(※素人童貞を含む),10代,堀裕子,十時愛梨,鷺沢文香,一ノ瀬志希
2093,ない,非童貞です(※素人童貞を含む),20代,堀裕子,新田美波,鷺沢文香,川島瑞樹
2094,ある,非童貞です(※素人童貞を含む),20代,堀裕子,nan,鷺沢文香,nan
2095,ない,非童貞です(※素人童貞を含む),20代,堀裕子,篠原礼,水本ゆかり,nan
2096,ある,非童貞です(※素人童貞を含む),20代,本田未央,本田未央,新田美波,
2097,ある,非童貞です(※素人童貞を含む),20代,本田未央,鷺沢文香,前川みく,一ノ瀬志希
2098,ある,非童貞です(※素人童貞を含む),20代,本田未央,鷺沢文香,鷺沢文香,宮本フレデリカ
2099,ある,非童貞です(※素人童貞を含む),20代,本田未央,佐藤心,城ヶ崎美嘉,三村かな子
2100,ない,非童貞です(※素人童貞を含む),30代,本田未央,大槻唯,鷺沢文香,大槻唯
2101,ある,非童貞です(※素人童貞を含む),20代,本田未央,大槻唯,大槻唯,北条加蓮
2102,ない,非童貞です(※素人童貞を含む),30代,本田未央,新田美波,,
2103,ない,非童貞です(※素人童貞を含む),40代以上,本田未央,水本ゆかり,鷺沢文香,北条加蓮
2104,ない,非童貞です(※素人童貞を含む),30代,本田未央,,本田未央,本田未央
2105,ある,非童貞です(※素人童貞を含む),20代,本田未央,四条貴音,鷺沢文香,高垣楓
2106,ある,非童貞です(※素人童貞を含む),20代,本田未央,nan,鷺沢文香,水木聖來
2107,ある,非童貞です(※素人童貞を含む),30代,本田未央,諸星きらり,,nan
2108,ない,非童貞です(※素人童貞を含む),20代,本田未央,本田未央,,安部菜々_佐藤心_双葉杏_諸星きらり
2109,ない,非童貞です(※素人童貞を含む),30代,本田未央,十時愛梨,鷺沢文香,大槻唯
2110,ある,非童貞です(※素人童貞を含む),20代,木村夏樹,三船美優,鷺沢文香,高垣楓
2111,ある,非童貞です(※素人童貞を含む),20代,木村夏樹,木村夏樹,nan,nan
2112,ある,非童貞です(※素人童貞を含む),10代,木村夏樹,片桐早苗,新田美波,佐藤心
2113,ある,非童貞です(※素人童貞を含む),30代,木村夏樹,二宮飛鳥,鷺沢文香,宮本フレデリカ
2114,ある,非童貞です(※素人童貞を含む),20代,木村夏樹,白坂小梅,佐久間まゆ,新田美波
2115,ない,非童貞です(※素人童貞を含む),20代,木村夏樹,向井拓海,小日向美穂,諸星きらり
2116,ない,非童貞です(※素人童貞を含む),20代,木村夏樹,速水奏,nan,nan
2117,ある,非童貞です(※素人童貞を含む),20代,木村夏樹,五十嵐響子,鷺沢文香,速水奏
2118,ある,非童貞です(※素人童貞を含む),30代,,ナターリア,小早川紗枝,川島瑞樹
2119,ない,非童貞です(※素人童貞を含む),20代,遊佐こずえ,川島瑞樹,鷺沢文香_城ヶ崎美嘉_高垣楓_佐久間まゆ,速水奏_塩見周子_星輝子
2120,ない,非童貞です(※素人童貞を含む),20代,遊佐こずえ,nan,nan,nan
2121,ない,非童貞です(※素人童貞を含む),30代,輿水幸子,三村かな子,安部菜々,渋谷凛
2122,ある,非童貞です(※素人童貞を含む),20代,輿水幸子,海老原菜帆,海老原菜帆,片桐早苗
2123,ある,非童貞です(※素人童貞を含む),40代以上,輿水幸子,新田美波,渋谷凛,安部菜々
2124,ある,非童貞です(※素人童貞を含む),20代,輿水幸子,大槻唯,大槻唯,新田美波
2125,ない,非童貞です(※素人童貞を含む),20代,輿水幸子,大石泉,赤城みりあ,高垣楓
2126,ない,非童貞です(※素人童貞を含む),20代,輿水幸子,三船美優,大槻唯,佐藤心
2127,ある,非童貞です(※素人童貞を含む),20代,輿水幸子,前川みく,鷺沢文香,城ヶ崎美嘉
2128,ある,非童貞です(※素人童貞を含む),20代,輿水幸子,十時愛梨,緒方智絵里_大槻唯_鷺沢文香,
2129,ある,非童貞です(※素人童貞を含む),30代,輿水幸子,渋谷凛,橘ありす,高垣楓
2130,ない,非童貞です(※素人童貞を含む),30代,輿水幸子,鷺沢文香,鷺沢文香,速水奏
2131,ある,非童貞です(※素人童貞を含む),30代,輿水幸子,高橋礼子,大槻唯,東郷あい
2132,ない,非童貞です(※素人童貞を含む),40代以上,輿水幸子,鷺沢文香,島村卯月,新田美波
2133,ある,非童貞です(※素人童貞を含む),10代,輿水幸子,鷹富士茄子,前川みく,大槻唯
2134,ある,非童貞です(※素人童貞を含む),20代,輿水幸子,今井加奈,島村卯月_小日向美穂_五十嵐響子,高垣楓
2135,ある,非童貞です(※素人童貞を含む),40代以上,輿水幸子,新田美波,橘ありす,佐藤心
2136,ある,非童貞です(※素人童貞を含む),20代,輿水幸子,輿水幸子,鷺沢文香,本田未央
2137,ない,非童貞です(※素人童貞を含む),20代,多田李衣菜,新田美波,新田美波_及川雫,新田美波
2138,ある,非童貞です(※素人童貞を含む),20代,龍崎薫,佐久間まゆ,緒方智絵里,新田美波
2139,ない,非童貞です(※素人童貞を含む),10代,龍崎薫,龍崎薫,鷺沢文香_本田未央_渋谷凛_島村卯月,一ノ瀬志希_五十嵐響子
2140,ある,非童貞です(※素人童貞を含む),20代,和久井留美,小早川紗枝,三船美優_鷺沢文香_五十嵐響子,川島瑞樹_小松伊吹_塩見周子
2141,ある,非童貞です(※素人童貞を含む),20代,和久井留美,渋谷凛,高垣楓,nan
2142,ある,非童貞です(※素人童貞を含む),20代,和久井留美,渋谷凛,十時愛梨_鷺沢文香,十時愛梨
2143,ある,非童貞です(※素人童貞を含む),40代以上,和久井留美,鷺沢文香,渋谷凛,速水奏
2144,ない,非童貞です(※素人童貞を含む),30代,和久井留美,nan,森久保乃々,高垣楓
2145,ない,非童貞です(※素人童貞を含む),20代,和久井留美,兵藤レナ,新田美波,佐藤心
2146,ある,非童貞です(※素人童貞を含む),20代,和久井留美,松本沙理奈,松本沙理奈,松本沙理奈_大槻唯
2147,ない,非童貞です(※素人童貞を含む),20代,和久井留美,高森藍子,鷺沢文香,大槻唯
2148,ある,非童貞です(※素人童貞を含む),10代,脇山珠美,新田美波,新田美波,一ノ瀬志希
2149,ある,非童貞です(※素人童貞を含む),10代,脇山珠美,新田美波,新田美波,一ノ瀬志希
2150,ある,非童貞です(※素人童貞を含む),20代,脇山珠美,大槻唯,鷺沢文香,
2151,ない,非童貞です(※素人童貞を含む),40代以上,脇山珠美,白坂小梅,nan,島村卯月
2152,ない,非童貞です(※素人童貞を含む),30代,脇山珠美,三村かな子,nan,nan
2153,ある,非童貞です(※素人童貞を含む),20代,脇山珠美,脇山珠美,十時愛梨,塩見周子
2154,ある,非童貞です(※素人童貞を含む),20代,櫻井桃華,nan,新田美波,nan
2155,ある,非童貞です(※素人童貞を含む),20代,櫻井桃華,佐々木千枝,小日向美穂,宮本フレデリカ
2156,ある,非童貞です(※素人童貞を含む),20代,櫻井桃華,宮本フレデリカ,一ノ瀬志希_高垣楓,速水奏
2157,ない,非童貞です(※素人童貞を含む),20代,櫻井桃華,三船美優,鷺沢文香,相葉夕美
2158,ない,非童貞です(※素人童貞を含む),20代,櫻井桃華,新田美波,鷺沢文香,姫川友紀
2159,ある,非童貞です(※素人童貞を含む),20代,櫻井桃華,十時愛梨,佐久間まゆ,高垣楓
2160,ある,非童貞です(※素人童貞を含む),20代,櫻井桃華,櫻井桃華,赤城みりあ,相葉夕美
2161,ない,非童貞です(※素人童貞を含む),20代,真鍋いつき,新田美波,渋谷凛,一ノ瀬志希
2162,ある,非童貞です(※素人童貞を含む),20代,nan,nan,nan,nan
2163,ある,非童貞です(※素人童貞を含む),20代,nan,nan,鷺沢文香_一ノ瀬志希,沢田麻理菜_水木聖來
2164,ある,非童貞です(※素人童貞を含む),20代,nan,nan,nan,nan
2165,ない,非童貞です(※素人童貞を含む),30代,nan,nan,nan,nan
2166,ある,非童貞です(※素人童貞を含む),30代,nan,nan,鷺沢文香,ヘレン
2167,ない,非童貞です(※素人童貞を含む),20代,nan,nan,nan,nan
2168,ある,非童貞です(※素人童貞を含む),20代,nan,nan,nan,nan
2169,ある,非童貞です(※素人童貞を含む),10代,nan,nan,nan,nan
2170,ある,非童貞です(※素人童貞を含む),30代,nan,nan,nan,nan
2171,ない,非童貞です(※素人童貞を含む),20代,nan,nan,nan,nan
2172,ある,非童貞です(※素人童貞を含む),20代,nan,nan,nan,nan
2173,ある,非童貞です(※素人童貞を含む),,nan,nan,鷺沢文香,佐藤心
2174,ない,非童貞です(※素人童貞を含む),20代,nan,nan,nan,nan
2175,ない,非童貞です(※素人童貞を含む),10代,nan,神谷奈緒,nan,鷺沢文香
2176,ある,非童貞です(※素人童貞を含む),20代,nan,nan,鷺沢文香,nan
2177,ない,非童貞です(※素人童貞を含む),40代以上,nan,nan,nan,nan
2178,ない,非童貞です(※素人童貞を含む),40代以上,nan,nan,nan,nan
2179,ない,非童貞です(※素人童貞を含む),20代,nan,nan,nan,nan
2180,ある,非童貞です(※素人童貞を含む),,nan,nan,nan,nan
2181,ない,非童貞です(※素人童貞を含む),20代,nan,nan,nan,nan
2182,ある,非童貞です(※素人童貞を含む),20代,nan,nan,nan,nan
2183,ある,非童貞です(※素人童貞を含む),40代以上,nan,nan,nan,nan
2184,ない,非童貞です(※素人童貞を含む),20代,nan,nan,nan,nan
2185,ある,非童貞です(※素人童貞を含む),30代,nan,十時愛梨,十時愛梨_五十嵐響子_高森藍子,大槻唯
2186,ある,非童貞です(※素人童貞を含む),40代以上,nan,nan,nan,nan
2187,ない,非童貞です(※素人童貞を含む),40代以上,nan,鷹富士茄子,nan,nan
2188,ない,非童貞です(※素人童貞を含む),30代,nan,nan,nan,nan
2189,ある,非童貞です(※素人童貞を含む),30代,nan,nan,nan,nan
